https://www.stat.uci.edu/,238,1003765319
https://www.ics.uci.edu/ugrad/courses/listing.php?year=2016&level=Graduate&department=STATS&program=ALL,1108,1138014144
https://www.informatics.uci.edu/,454,1046814577
https://mswe.ics.uci.edu/,261,4039447788
https://www.informatics.uci.edu/explore/faculty-profiles/stacy-branham/,518,509876849
https://www.informatics.uci.edu/grad/mswe/,703,1064607612
https://www.informatics.uci.edu/support/champion-research/,448,3731300208
https://www.informatics.uci.edu/explore/books-we-have-written/,6640,427038484
https://www.informatics.uci.edu/undergrad/student-profiles/,404,3194232401
https://www.ics.uci.edu/ugrad/resources/index,597,3278844724
https://www.ics.uci.edu/ugrad/index.php,803,255722672
https://www.ics.uci.edu/ugrad/sao/contact-form.php,327,1265579824
https://www.ics.uci.edu/community/news/view_news?id=2068,779,595555988
https://www.ics.uci.edu/about/annualreport/index.php,324,407715253
https://www.ics.uci.edu/about/about_mission.php,331,457651509
https://www.ics.uci.edu/about/bren/index.php,423,726607261
https://www.ics.uci.edu/about/bren/bren_press.php,437,3421465877
https://www.ics.uci.edu/about/bren/gallery/gallery_04_jpg.php,260,191853881
https://www.ics.uci.edu/about/bren/gallery/gallery_14_jpg.php,251,728717105
https://www.ics.uci.edu/community/news/articles/view_article?id=25,693,3949899685
https://www.ics.uci.edu/community/news/press/view_press?id=19,910,1801758645
https://www.ics.uci.edu/community/news/press/index.php,354,1232584496
https://www.ics.uci.edu/community/news/press/view_press?id=164,677,1918154577
https://www.ics.uci.edu/community/news/press/view_press?id=163,753,592787236
https://www.ics.uci.edu/community/news/press/view_press?id=167,679,3409230454
https://www.ics.uci.edu/community/news/press/view_press?id=161,542,1583726388
https://www.ics.uci.edu/community/news/press/view_press?id=166,588,3412834100
https://www.ics.uci.edu/community/news/press/view_press?id=165,542,1785183152
https://www.ics.uci.edu/community/news/press/view_press?id=160,504,1350549424
https://www.ics.uci.edu/community/news/articles/view_article?id=20,564,1221406002
https://www.ics.uci.edu/about/bren/gallery/gallery_15_jpg.php,246,2741982481
https://www.ics.uci.edu/community/news/articles/view_article?id=23,653,1785697781
https://www.ics.uci.edu/community/news/articles/view_article?id=19,464,1786652451
https://www.ics.uci.edu/community/news/articles/view_article?id=21,505,1786718005
https://www.ics.uci.edu/community/news/press/view_press?id=20,626,709844247
https://www.ics.uci.edu/community/news/articles/view_article?id=22,529,3412436759
https://www.ics.uci.edu/community/news/articles/view_article?id=24,655,1803377973
https://www.ics.uci.edu/about/bren/gallery/gallery_12_jpg.php,255,594501041
https://www.ics.uci.edu/about/bren/gallery/gallery_10_jpg.php,267,57638301
https://www.ics.uci.edu/about/bren/gallery/gallery_09_jpg.php,258,728702865
https://www.ics.uci.edu/about/bren/gallery/gallery_03_jpg.php,256,593977145
https://www.ics.uci.edu/about/bren/bren_advance.php,349,728642999
https://www.ics.uci.edu/about/bren/bren_about.php,748,2884376357
https://www.ics.uci.edu/about/bren/bren_vision.php,421,3949934005
https://www.ics.uci.edu/about/about_safety.php,389,424487987
https://www.ics.uci.edu/about/annualreport/2006-07/index.php,242,776225045
https://www.ics.uci.edu/about/annualreport/2006-07/alumni.php,267,4084115858
https://www.ics.uci.edu/about/annualreport/2006-07/events.php,665,3998538261
https://www.ics.uci.edu/community/news/rss/news.xml,263,2415388529
https://www.cs.uci.edu/,383,779383677
https://www.ics.uci.edu/employment/employ_faculty,572,1313093429
https://www.ics.uci.edu/employment/staff.php,295,1934571313
https://www.ics.uci.edu/employment/employ_research.php,550,1262860081
https://www.cs.uci.edu/news/,738,175520865
https://www.ics.uci.edu/community/news/view_news?id=2131,743,158805281
https://www.ics.uci.edu/community/news/view_news.php?id=2132,422,3378984760
https://www.ics.uci.edu/community/news/view_news.php?id=2133,736,1081359828
https://www.ics.uci.edu/community/news/view_news.php?id=2134,464,3380559197
https://www.ics.uci.edu/community/news/view_news.php?id=2135,669,1400749392
https://www.ics.uci.edu/community/news/view_news.php?id=2136,679,245797409
https://www.ics.uci.edu/community/news/view_news.php?id=2137,381,3380555056
https://www.ics.uci.edu/community/news/view_news.php?id=2130,461,3481223008
https://www.ics.uci.edu/community/news/view_news.php?id=2129,747,3680836897
https://www.ics.uci.edu/community/news/view_news.php?id=2128,752,2641836353
https://www.ics.uci.edu/community/news/view_news.php?id=2127,380,3665805152
https://www.ics.uci.edu/community/news/view_news.php?id=2126,481,527800113
https://www.ics.uci.edu/community/news/view_news.php?id=2124,1088,3396810352
https://www.ics.uci.edu/community/news/view_news?id=1811,714,174560553
https://www.ics.uci.edu/community/news/view_news.php?id=1810,347,1599020432
https://www.ics.uci.edu/community/news/view_news.php?id=1809,323,3748634032
https://www.ics.uci.edu/community/news/view_news.php?id=2125,420,1534008129
https://www.ics.uci.edu/community/news/view_news.php?id=2123,1132,241679144
https://www.ics.uci.edu/~mcostafi/,423,3930562137
https://www.ics.uci.edu/~mcostafi/news.html,767,4207406713
https://www.ics.uci.edu/community/news/view_news?id=1788,503,1112882481
https://www.ics.uci.edu/community/news/view_news.php?id=1789,323,460308400
https://www.ics.uci.edu/community/news/view_news.php?id=1790,356,1315913008
https://hai.ics.uci.edu/index.html,279,4202639401
https://hai.ics.uci.edu/publications.html,4989,3468006673
https://hai.ics.uci.edu/people.html,1418,2119505456
https://www.ics.uci.edu/~mcostafi/projects.html,456,3124885429
https://www.ics.uci.edu/~mcostafi/teaching.html,258,466460564
https://www.ics.uci.edu/~mcostafi/publications.html,742,1545983709
https://www.ics.uci.edu/community/news/view_news?id=2121,1116,477476659
https://www.ics.uci.edu/community/news/view_news.php?id=2120,461,3279395760
https://www.ics.uci.edu/community/news/view_news.php?id=2119,1496,183873681
https://wics.ics.uci.edu/,484,796908840
https://wics.ics.uci.edu/events,238,257343240
https://www.ics.uci.edu/community/news/view_news.php?id=2118,368,2306806544
https://www.ics.uci.edu/community/news/view_news.php?id=2117,1664,2825729841
https://www.ics.uci.edu/community/news/view_news.php?id=2116,483,1249320241
https://www.ics.uci.edu/community/news/view_news.php?id=2115,865,175488807
https://www.ics.uci.edu/community/news/view_news.php?id=2114,983,1383020409
https://www.ics.uci.edu/community/news/view_news.php?id=2113,694,1090432804
https://www.ics.uci.edu/community/news/view_news.php?id=2112,626,1483674928
https://www.ics.uci.edu/community/news/view_news.php?id=2111,1299,1080891169
https://www.ics.uci.edu/,397,191872825
https://www.ics.uci.edu/ugrad/livechat.php,524,421504305
https://www.ics.uci.edu/community/news/view_news?id=2221,662,1249230714
https://www.ics.uci.edu/community/news/view_news.php?id=2222,348,3664722737
https://www.ics.uci.edu/community/news/view_news?id=2217,832,158202192
https://www.ics.uci.edu/grad/admissions/index,452,3278191952
https://mcs.ics.uci.edu/,295,2073932909
https://www.ics.uci.edu/grad/admissions/comparison_chart_masters,637,4084683860
https://www.ics.uci.edu/community/news/view_news.php?id=2216,1327,2674236761
https://www.ics.uci.edu/community/news/view_news?id=2180,908,3278765840
https://www.ics.uci.edu/community/news/view_news.php?id=2179,750,259897624
https://www.ics.uci.edu/community/news/view_news.php?id=2178,990,175980048
https://www.ics.uci.edu/community/news/view_news.php?id=2177,651,3263084415
https://www.ics.uci.edu/community/news/view_news?id=2170,733,1246739733
https://www.ics.uci.edu/community/news/view_news.php?id=2171,972,3394715409
https://www.ics.uci.edu/faculty/profiles/view_faculty.php?ucinetid=ksquire,289,1516582705
https://www.ics.uci.edu/faculty/highlights/index.php,928,978714421
https://www.ics.uci.edu/~djr/DebraJRichardson/SE4S.html,266,1798683830
https://www.ics.uci.edu/community/news/press/view_press?id=122,805,2322545444
http://sherlock.ics.uci.edu/,284,1540666450
http://sherlock.ics.uci.edu/qgd.html,896,528797009
https://www.ics.uci.edu/~dvk/pub/IQIS05_dvk.html,303,2145167221
https://www.ics.uci.edu/~dvk/pub/JCDL07_dvk.html,259,365204725
https://www.ics.uci.edu/~dvk/pub/ICDE07_dvk.html,230,1015059541
https://www.ics.uci.edu/~dvk/pub/DASFAA07_dvk.html,240,481137681
https://www.ics.uci.edu/~dvk/code/RelDC.html,512,1137749332
https://www.ics.uci.edu/~dvk/pub/TODS06_dvk.html,220,738825521
https://www.ics.uci.edu/~haltwaij/,243,1540627522
http://asterix.ics.uci.edu/,347,977647313
https://isg.ics.uci.edu/,326,779499025
https://asterix.ics.uci.edu/thesis.html,419,1048525777
https://asterix.ics.uci.edu/publications.html,865,418648787
https://www.ics.uci.edu/~dvk/pub/SDM05_dvk.html,222,2009609237
https://www.ics.uci.edu/~dvk/pub/TKDE08_dvk_WePS.html,217,2092537205
https://www.ics.uci.edu/~dvk/pub/WEPS2_dvk.html,236,3166278933
https://www.ics.uci.edu/~dvk/pub/SIGMOD09_dvk.html,275,1569100241
https://www.ics.uci.edu/~sharad/,698,4290805841
https://www.ics.uci.edu/~sharad/projects.html,327,2128671124
http://www-db.ics.uci.edu/pages/research/mars.shtml,1428,1067505093
http://www-db.ics.uci.edu/pages/research/das/index.shtml,881,1018013027
https://www.ics.uci.edu/~gts/,317,1579626085
https://www.ics.uci.edu/~gts/facts.html,357,3580040005
https://www.ics.uci.edu/~gts/gems.html,927,3060016085
https://www.ics.uci.edu/~gts/students.html,451,3328017958
https://www.ics.uci.edu/~gts/stupid.html,218,1877248029
http://sherlock.ics.uci.edu/data.html,217,2026111200
http://sherlock.ics.uci.edu/pub.html,702,1048954193
https://www.ics.uci.edu/~dvk/code/SuperEGO.html,471,1045541571
https://duttgroup.ics.uci.edu/projects/,247,348596020
https://www.ics.uci.edu/~dsm/dyn/release/index.html,424,27687318
https://www.ics.uci.edu/~dsm/dyn/release/demo.html,437,364290327
https://www.ics.uci.edu/~dsm/dyn/release/publication.html,232,2246001072
https://www.ics.uci.edu/faculty/centers/index.php,859,2590324721
https://hpi.ics.uci.edu/,447,1500833729
https://www.ics.uci.edu/faculty/area/index.php,2029,1281873716
https://www.ics.uci.edu/faculty/profiles/view_faculty.php?ucinetid=anicolau,299,3647944497
https://www.ics.uci.edu/~nicolau/,753,1967640426
https://www.ics.uci.edu/faculty/profiles/view_faculty.php?ucinetid=xhx,290,3278845235
https://www.ics.uci.edu/~xhx/,446,526299483
https://cbcl.ics.uci.edu/doku.php/teaching/cs285s14/start,410,2700473010
https://cbcl.ics.uci.edu/doku.php/data,311,2998298259
https://cbcl.ics.uci.edu/doku.php/data?do=revisions,220,316978843
https://cbcl.ics.uci.edu/doku.php/data?rev=1373324362&do=diff,913,2465506963
https://cbcl.ics.uci.edu/doku.php/data?rev=1407726400,258,817276563
https://cbcl.ics.uci.edu/public_data/tree-hmm-sample-data/,927,1267541997
https://cbcl.ics.uci.edu/doku.php/software,346,2822581302
https://cbcl.ics.uci.edu/SSEA/,237,303924275
http://motifmap.ics.uci.edu/,511,2457615380
http://motifmap.ics.uci.edu/downloads/BranchLengthScoring.py,547,154974453
http://motifmap-rna.ics.uci.edu/,205,202718804
http://motifmap-rna.ics.uci.edu/help,638,3333732944
https://www.ics.uci.edu/~dnazip/index.html,319,720744614
https://ipubmed.ics.uci.edu/,315,14757975
https://cbcl.ics.uci.edu/doku.php/software?do=revisions,216,718114222
https://cbcl.ics.uci.edu/doku.php/software?rev=1382073233&do=diff,871,1089320126
https://cbcl.ics.uci.edu/doku.php/software?rev=1382073003,293,951921778
https://cbcl.ics.uci.edu/doku.php/software?rev=1382072710,279,968666418
https://cbcl.ics.uci.edu/doku.php/software?rev=1397844231&do=diff,647,1104131518
https://cbcl.ics.uci.edu/doku.php/publications,6621,4127062806
https://cbcl.ics.uci.edu/doku.php/publications?do=revisions,262,382696886
https://cbcl.ics.uci.edu/doku.php/publications?rev=1507871734&do=diff,11003,2763389206
https://cbcl.ics.uci.edu/doku.php/publications?do=diff&rev2%5B0%5D=1507871734&rev2%5B1%5D=1534400717&difftype=sidebyside,3682,901118742
https://cbcl.ics.uci.edu/doku.php/publications?do=diff&rev2%5B0%5D=1507871472&rev2%5B1%5D=1534399600&difftype=sidebyside,4304,886962486
https://cbcl.ics.uci.edu/doku.php/publications?rev=1507871734,2381,492673374
https://cbcl.ics.uci.edu/doku.php/publications?rev=1527786308&do=diff,7270,3770530102
https://cbcl.ics.uci.edu/doku.php/publications?do=diff&rev=1527787525&difftype=sidebyside,754,1993275902
https://cbcl.ics.uci.edu/doku.php/publications?do=edit,7556,1997743284
https://cbcl.ics.uci.edu/doku.php/teaching/cs295w11/start,245,2747523252
https://cbcl.ics.uci.edu/doku.php/teaching/cs295w11/start?do=revisions,219,3032298934
https://cbcl.ics.uci.edu/doku.php/teaching/cs295w11/start?rev=1490813307,540,2966944180
https://cbcl.ics.uci.edu/doku.php/teaching/cs295w11/start?do=edit&rev=1490813307,651,3050437812
https://cbcl.ics.uci.edu/doku.php/teaching/cs295w11/start?rev=1490825654,346,2697458868
https://cbcl.ics.uci.edu/doku.php/teaching/cs295w11/start?rev=1490825962&do=diff,314,954185206
https://www.ics.uci.edu/faculty/profiles/view_faculty.php?ucinetid=nalini,309,1515140915
https://www.ics.uci.edu/faculty/profiles/view_faculty.php?ucinetid=jajones,289,3412408115
https://www.ics.uci.edu/faculty/profiles/view_faculty.php?ucinetid=jingz31,272,2590455089
https://www.ics.uci.edu/faculty/profiles/view_faculty.php?ucinetid=yamingy,318,3529979699
https://www.ics.uci.edu/faculty/profiles/view_faculty.php?ucinetid=lbic,306,1483161395
https://www.ics.uci.edu/community/news/view_news.php?id=2172,321,3379531568
https://www.ics.uci.edu/community/news/view_news.php?id=2173,528,3396309808
https://www.ics.uci.edu/grad/funding/index.php,3851,2387054777
https://www.ics.uci.edu/community/news/view_news.php?id=2174,466,52369010
https://www.ics.uci.edu/community/news/view_news.php?id=2175,349,3646691112
https://www.ics.uci.edu/community/news/view_news?id=2092,676,192920408
https://www.ics.uci.edu/community/news/view_news.php?id=2093,653,451393296
https://www.ics.uci.edu/community/news/view_news.php?id=2094,851,1408056580
https://www.ics.uci.edu/community/news/view_news.php?id=2095,443,1514518840
https://www.ics.uci.edu/community/news/view_news.php?id=2096,367,1300207893
https://www.ics.uci.edu/community/news/view_news.php?id=2097,740,1129815808
https://www.ics.uci.edu/community/news/view_news.php?id=2098,1738,3404576601
https://www.ics.uci.edu/community/news/view_news?id=1978,452,3278872016
https://www.ics.uci.edu/community/news/view_news.php?id=1977,988,603921008
https://www.ics.uci.edu/community/news/view_news.php?id=1976,847,169685357
https://www.ics.uci.edu/~lopes/teaching/ics10/network-project.html,1213,52398668
https://www.ics.uci.edu/community/news/view_news.php?id=2099,329,2876194592
https://www.ics.uci.edu/community/news/view_news?id=2047,934,1281880449
https://www.ics.uci.edu/community/news/view_news.php?id=2046,609,3395755956
https://www.ics.uci.edu/community/news/view_news.php?id=2045,563,3463416625
https://www.ics.uci.edu/community/news/view_news.php?id=2044,801,3631595297
https://www.ics.uci.edu/community/news/view_news.php?id=2043,442,141896484
https://www.ics.uci.edu/community/news/view_news.php?id=2042,350,174471988
https://www.ics.uci.edu/community/news/view_news?id=1883,771,846632209
https://www.ics.uci.edu/community/news/view_news.php?id=1884,856,1264932721
https://www.ics.uci.edu/community/news/view_news.php?id=1885,815,2036765592
https://www.ics.uci.edu/community/news/view_news.php?id=1886,898,457122593
https://www.ics.uci.edu/community/news/view_news.php?id=1887,620,1299165457
https://www.ics.uci.edu/community/news/view_news.php?id=1882,599,2356093237
https://www.ics.uci.edu/community/news/view_news.php?id=1881,1063,1365752312
https://www.ics.uci.edu/community/news/view_news.php?id=1880,332,258973569
https://www.ics.uci.edu/community/news/view_news.php?id=1879,517,1601019704
https://www.ics.uci.edu/community/news/view_news?id=1848,517,1128765209
https://www.ics.uci.edu/community/news/view_news.php?id=1847,324,1500323632
https://www.ics.uci.edu/community/news/view_news.php?id=1846,347,1232018737
https://www.ics.uci.edu/community/news/view_news.php?id=1845,514,1533384481
https://www.ics.uci.edu/community/news/view_news.php?id=1849,514,1264383281
https://www.ics.uci.edu/community/news/view_news.php?id=1850,696,176103169
https://www.ics.uci.edu/community/news/view_news.php?id=1851,1489,1244739172
https://www.ics.uci.edu/community/news/view_news.php?id=1852,519,1248794421
https://www.ics.uci.edu/community/news/view_news.php?id=1853,469,1531810705
https://www.ics.uci.edu/community/news/view_news.php?id=1854,508,3497803696
https://www.ics.uci.edu/community/news/view_news.php?id=1855,588,1249262869
https://www.ics.uci.edu/community/news/view_news.php?id=1876,658,1533875634
https://www.ics.uci.edu/community/news/view_news.php?id=1875,467,2137854736
https://www.ics.uci.edu/community/news/view_news.php?id=1874,504,1165841189
https://www.ics.uci.edu/~babaks/index.html,308,3931928189
https://www.ics.uci.edu/~babaks/activities.html,1133,4200873576
https://www.ics.uci.edu/~babaks/publication.html,1483,3301864969
https://www.ics.uci.edu/~babaks/research.html,327,3913037748
https://www.ics.uci.edu/~babaks/index.html,308,1784428123
https://www.ics.uci.edu/~babaks/teaching.html,526,1654175468
https://www.ics.uci.edu/~babaks/codes.html,337,3001960076
https://www.ics.uci.edu/~babaks/ewExternalFiles/MNL.m,935,2445268115
https://www.ics.uci.edu/~babaks/ewExternalFiles/corMNL.m,1795,2545262803
https://www.ics.uci.edu/~babaks/ewExternalFiles/treeMNL.m,1453,2444600467
https://www.ics.uci.edu/~babaks/ewExternalFiles/makeTree.m,354,2524243985
https://www.ics.uci.edu/community/news/view_news?id=1648,1116,1082080240
https://www.ics.uci.edu/community/news/view_news?id=1532,614,1113023781
https://www.ics.uci.edu/community/news/view_news.php?id=1531,792,4066751809
https://www.ics.uci.edu/community/news/view_news.php?id=1530,334,2340404657
https://www.ics.uci.edu/community/news/view_news.php?id=1529,671,3414145300
https://www.ics.uci.edu/community/news/view_news?id=1159,604,1266660117
https://www.ics.uci.edu/community/news/view_news.php?id=1160,411,1097805712
https://www.ics.uci.edu/community/news/view_news.php?id=1158,665,1231943545
https://www.ics.uci.edu/community/news/view_news.php?id=1157,352,1249852981
https://www.ics.uci.edu/community/news/view_news?id=1499,497,159360792
https://www.ics.uci.edu/community/news/view_news.php?id=1501,655,2640547173
https://www.ics.uci.edu/community/news/view_news.php?id=1502,327,3647969076
https://www.ics.uci.edu/community/news/view_news.php?id=1503,1031,1333114672
https://www.ics.uci.edu/community/news/view_news?id=1490,814,3279796120
https://www.ics.uci.edu/community/news/view_news.php?id=1498,969,156389141
https://www.ics.uci.edu/community/news/view_news.php?id=1497,695,1533877620
https://www.ics.uci.edu/community/news/view_news.php?id=1496,592,3110879120
https://www.ics.uci.edu/involved/corporate_partner,282,140981680
https://www.ics.uci.edu/involved/leadership_council.php,583,3007806514
https://www.ics.uci.edu/community/news/view_news.php?id=2091,508,3913135413
https://www.ics.uci.edu/community/news/view_news?id=1965,959,2339880292
https://www.ics.uci.edu/community/news/view_news.php?id=1964,643,1534459760
https://www.ics.uci.edu/community/news/view_news.php?id=1963,737,1248301328
https://www.ics.uci.edu/community/news/view_news.php?id=1962,309,3414015792
https://www.ics.uci.edu/community/news/view_news.php?id=1961,577,1248804689
https://www.ics.uci.edu/community/news/view_news?id=1506,914,712422577
https://www.ics.uci.edu/community/news/view_news.php?id=1507,365,427244848
https://www.ics.uci.edu/community/news/view_news.php?id=1508,498,695702288
https://www.ics.uci.edu/community/news/view_news.php?id=1966,548,1196690789
https://www.ics.uci.edu/community/news/view_news.php?id=1968,652,240621350
https://www.ics.uci.edu/community/news/view_news.php?id=2090,521,2339125009
https://www.ics.uci.edu/community/news/view_news.php?id=2181,1052,3949969340
https://www.ics.uci.edu/community/news/view_news?id=2064,754,3949442837
https://www.ics.uci.edu/community/news/view_news.php?id=2063,597,157793554
https://www.ics.uci.edu/community/news/view_news.php?id=2182,798,3376821008
https://www.ics.uci.edu/about/deans_awards,495,424617141
https://www.ics.uci.edu/community/news/view_news.php?id=2183,1898,2289379640
https://www.ics.uci.edu/~fielding/pubs/dissertation/top.htm,394,565699988
https://www.ics.uci.edu/~fielding/pubs/dissertation/net_arch_styles.htm,3994,972350790
https://www.ics.uci.edu/~fielding/pubs/dissertation/faq.htm,291,58090405
https://www.ics.uci.edu/~fielding/pubs/dissertation/evaluation.htm,6611,1010050836
https://www.ics.uci.edu/~fielding/pubs/dissertation/introduction.htm,639,723896246
https://www.ics.uci.edu/~fielding/pubs/dissertation/software_arch.htm,2979,996583350
https://www.ics.uci.edu/~fielding/pubs/dissertation/acknowledgments.htm,503,3996214709
https://www.ics.uci.edu/~fielding/pubs/dissertation/web_arch_domain.htm,1517,962978214
https://www.ics.uci.edu/~fielding/pubs/dissertation/net_app_arch.htm,2045,962962294
https://www.ics.uci.edu/~fielding/pubs/dissertation/references.htm,3029,2138350644
https://www.ics.uci.edu/~fielding/pubs/dissertation/conclusions.htm,577,753369382
https://www.ics.uci.edu/~fielding/pubs/dissertation/abstract.htm,247,704890278
https://www.ics.uci.edu/~fielding/pubs/dissertation/fielding_cv_2000.htm,1322,982820325
https://www.ics.uci.edu/~fielding/pubs/dissertation/rest_arch_style.htm,4243,994059030
https://www.ics.uci.edu/community/news/view_news.php?id=2184,630,1283302656
https://www.ics.uci.edu/community/news/view_news?id=2146,492,3228018080
https://www.ics.uci.edu/community/news/view_news.php?id=2147,1045,1265989461
https://www.ics.uci.edu/community/news/view_news.php?id=2148,860,3529781008
https://www.ics.uci.edu/community/news/view_news.php?id=2149,606,1264024848
https://www.ics.uci.edu/community/news/view_news.php?id=2150,335,4283243828
https://www.ics.uci.edu/community/news/view_news.php?id=2151,1037,426580277
https://www.ics.uci.edu/community/news/view_news.php?id=2152,565,1129135956
https://www.ics.uci.edu/community/news/view_news.php?id=2153,366,1231527733
https://www.ics.uci.edu/community/news/view_news.php?id=2154,1178,159137540
https://www.ics.uci.edu/community/news/view_news.php?id=2155,383,494876433
https://www.ics.uci.edu/community/news/view_news.php?id=2156,454,725954433
https://www.ics.uci.edu/community/news/view_news?id=2036,656,3665163991
https://www.ics.uci.edu/community/news/view_news.php?id=2037,687,3547700657
https://www.ics.uci.edu/community/news/view_news.php?id=2038,541,1525625073
https://www.ics.uci.edu/community/news/view_news.php?id=2039,619,2188883249
https://www.ics.uci.edu/community/news/view_news.php?id=2040,725,192786201
https://www.ics.uci.edu/community/news/view_news.php?id=2035,340,175060881
https://archive.ics.uci.edu/ml/index.php,334,3737396691
https://archive.ics.uci.edu/ml/datasets/Average+Localization+Error+%28ALE%29+in+sensor+node+localization+process+in+WSNs,286,1571857873
https://archive.ics.uci.edu/ml/datasets/Ozone+Level+Detection,457,1454698891
https://archive.ics.uci.edu/ml/datasets/Adult,1344,1322747873
https://archive.ics.uci.edu/ml/support/Adult,3221,384156881
https://archive.ics.uci.edu/ml/datasets/Iris,2277,1337296231
https://archive.ics.uci.edu/ml/support/Iris,6161,3489441011
https://archive.ics.uci.edu/ml/datasets/Heart+Disease,2140,246522999
https://archive.ics.uci.edu/ml/support/Heart+Disease,3639,2628576721
https://archive.ics.uci.edu/ml/datasets/Pedal+Me+Bicycle+Deliveries,227,1536166936
https://archive.ics.uci.edu/ml/datasets/Rice+%28Cammeo+and+Osmancik%29,354,387792997
https://archive.ics.uci.edu/ml/datasets/Secondary+Mushroom+Dataset,539,1456535698
https://archive.ics.uci.edu/ml/datasets/Mushroom,1506,250975795
https://archive.ics.uci.edu/ml/support/Mushroom,2717,514126035
https://archive.ics.uci.edu/ml/datasets/Power+consumption+of+Tetouan+city,243,489952729
https://archive.ics.uci.edu/ml/datasets/Wine,1161,1335076322
https://archive.ics.uci.edu/ml/support/Wine,2630,3606963315
https://cml.ics.uci.edu/,240,3447621968
https://archive.ics.uci.edu/ml/datasets/Accelerometer,490,1578435057
https://archive.ics.uci.edu/ml/datasets/Car+Evaluation,675,228893888
https://archive.ics.uci.edu/ml/support/Car+Evaluation,962,2158290400
https://archive.ics.uci.edu/ml/datasets/Bank+Marketing,630,1568237009
https://archive.ics.uci.edu/ml/datasets/TamilSentiMix,413,1189428550
https://archive.ics.uci.edu/ml/datasets/Dry+Bean+Dataset,412,512247056
https://archive.ics.uci.edu/ml/datasets.php,1752,3611821268
https://archive.ics.uci.edu/ml/datasets/Demospongiae,429,1536451917
https://archive.ics.uci.edu/ml/datasets/Reuters-21578+Text+Categorization+Collection,763,1553225665
https://archive.ics.uci.edu/ml/support/Reuters-21578+Text+Categorization+Collection,553,484736705
https://archive.ics.uci.edu/ml/datasets/MSNBC.com+Anonymous+Web+Data,298,504386897
https://archive.ics.uci.edu/ml/machine-learning-databases/msnbc-mld/msnbc.data.html,318,2433795089
https://archive.ics.uci.edu/ml/datasets/Breast+Cancer+Wisconsin+%28Prognostic%29,1393,204964933
https://archive.ics.uci.edu/ml/support/Breast+Cancer+Wisconsin+(Prognostic),2366,506234497
https://archive.ics.uci.edu/ml/datasets/ISOLET,562,1604625504
https://archive.ics.uci.edu/ml/machine-learning-databases/isolet/isolet.info,951,296936881
https://archive.ics.uci.edu/ml/support/ISOLET,756,1470408177
https://archive.ics.uci.edu/ml/datasets/Water+Treatment+Plant,570,1081886194
https://archive.ics.uci.edu/ml/datasets/Haberman%27s+Survival,326,1578370752
https://archive.ics.uci.edu/ml/support/Haberman's+Survival,338,1449453137
https://archive.ics.uci.edu/ml/datasets/Synthetic+Control+Chart+Time+Series,271,1603548481
https://archive.ics.uci.edu/ml/machine-learning-databases/synthetic_control-mld/synthetic_control.data.html,206,966002257
https://archive.ics.uci.edu/ml/datasets/Parkinsons,374,1525678297
https://archive.ics.uci.edu/ml/datasets/Mechanical+Analysis,349,374375505
https://archive.ics.uci.edu/ml/datasets/Statlog+%28Vehicle+Silhouettes%29,1248,514951140
https://archive.ics.uci.edu/ml/support/Statlog+(Vehicle+Silhouettes),1628,3606439104
https://archive.ics.uci.edu/ml/datasets/Poker+Hand,434,3306448081
https://archive.ics.uci.edu/ml/datasets/Thyroid+Disease,795,1323083105
https://archive.ics.uci.edu/ml/support/Thyroid+Disease,1615,451732961
https://archive.ics.uci.edu/ml/machine-learning-databases/thyroid-disease/HELLO,294,4269569217
https://archive.ics.uci.edu/ml/datasets/Shuttle+Landing+Control,268,389080256
https://archive.ics.uci.edu/ml/datasets/Spambase,542,1173378371
https://archive.ics.uci.edu/ml/support/Spambase,304,350287553
https://archive.ics.uci.edu/ml/datasets/Hill-Valley,294,1586803778
https://archive.ics.uci.edu/ml/datasets/Cloud,348,378594770
https://archive.ics.uci.edu/ml/support/Cloud,309,582084035
https://archive.ics.uci.edu/ml/datasets/El+Nino,740,519352785
https://archive.ics.uci.edu/ml/machine-learning-databases/el_nino-mld/el_nino.data.html,646,460698097
https://archive.ics.uci.edu/ml/datasets/KDD+Cup+1999+Data,204,1526003137
https://archive.ics.uci.edu/ml/datasets/Statlog+%28Australian+Credit+Approval%29,589,336700867
https://archive.ics.uci.edu/ml/datasets/Internet+Usage+Data,238,529851104
https://archive.ics.uci.edu/ml/datasets/Insurance+Company+Benchmark+%28COIL+2000%29,514,1056335299
https://archive.ics.uci.edu/ml/machine-learning-databases/tic-mld/ticeval2000.txt,340000,3530670207
https://archive.ics.uci.edu/ml/support/Insurance+Company+Benchmark+(COIL+2000),233,444005849
https://archive.ics.uci.edu/ml/datasets/Zoo,650,1320264162
https://archive.ics.uci.edu/ml/support/Zoo,1185,2528232563
https://archive.ics.uci.edu/ml/datasets/Hepatitis,1060,1320521799
https://archive.ics.uci.edu/ml/support/Hepatitis,1974,405595589
https://archive.ics.uci.edu/ml/datasets/Prodigy,227,3485834160
https://archive.ics.uci.edu/ml/datasets/Australian+Sign+Language+signs,675,1383085715
https://archive.ics.uci.edu/ml/datasets/Servo,464,1578231265
https://archive.ics.uci.edu/ml/support/Servo,606,3548243426
https://archive.ics.uci.edu/ml/datasets/Lymphography,627,1207248320
https://archive.ics.uci.edu/ml/support/Lymphography,684,2532139985
https://archive.ics.uci.edu/ml/datasets/Pioneer-1+Mobile+Robot+Data,825,2534863445
https://archive.ics.uci.edu/ml/datasets/Mobile+Robots,263,1584424161
https://archive.ics.uci.edu/ml/datasets/Function+Finding,361,1610412370
https://archive.ics.uci.edu/ml/datasets/Forest+Fires,512,1525450129
https://archive.ics.uci.edu/ml/datasets/University,251,1588950226
https://archive.ics.uci.edu/ml/datasets/SPECTF+Heart,683,1414586863
https://archive.ics.uci.edu/ml/datasets/Statlog+%28Shuttle%29,653,217359844
https://archive.ics.uci.edu/ml/support/Statlog+(Shuttle),1456,128771541
https://archive.ics.uci.edu/ml/datasets/p53+Mutants,403,3700717520
https://archive.ics.uci.edu/ml/datasets/Diabetes,1377,267761505
https://archive.ics.uci.edu/ml/support/Diabetes,3157,385673041
https://archive.ics.uci.edu/ml/datasets/Hayes-Roth,436,1435887041
https://archive.ics.uci.edu/ml/support/Hayes-Roth,290,1559061987
https://archive.ics.uci.edu/ml/datasets/Audiology+%28Original%29,590,1336255968
https://archive.ics.uci.edu/ml/support/Audiology+(Original),1431,2217861363
https://archive.ics.uci.edu/ml/datasets/Optical+Recognition+of+Handwritten+Digits,398,1582621761
https://archive.ics.uci.edu/ml/support/Optical+Recognition+of+Handwritten+Digits,395,1593109697
https://archive.ics.uci.edu/ml/datasets/Artificial+Characters,387,1573147739
https://archive.ics.uci.edu/ml/datasets/MAGIC+Gamma+Telescope,632,1383106518
https://archive.ics.uci.edu/ml/datasets/Balloons,251,485815762
https://archive.ics.uci.edu/ml/datasets/Molecular+Biology+%28Protein+Secondary+Structure%29,398,519370208
https://archive.ics.uci.edu/ml/support/Molecular+Biology+(Protein+Secondary+Structure),398,2415719120
https://archive.ics.uci.edu/ml/datasets/Nursery,682,1290089682
https://archive.ics.uci.edu/ml/support/Nursery,666,1457828050
https://archive.ics.uci.edu/ml/datasets/Ionosphere,1349,1207797569
https://archive.ics.uci.edu/ml/support/Ionosphere,3235,3606365313
https://archive.ics.uci.edu/ml/datasets/Yeast,603,1335149521
https://archive.ics.uci.edu/ml/support/Yeast,710,418702528
https://archive.ics.uci.edu/ml/datasets/Concrete+Compressive+Strength,457,437607505
https://archive.ics.uci.edu/ml/machine-learning-databases/concrete/compressive/Concrete_Readme.txt,404,3122011249
https://archive.ics.uci.edu/ml/datasets/Japanese+Vowels,420,377517953
https://archive.ics.uci.edu/ml/datasets/Bach+Chorales,414,372285665
https://archive.ics.uci.edu/ml/support/Bach+Chorales,335,251000769
https://archive.ics.uci.edu/ml/datasets/Coil+1999+Competition+Data,340,451991234
https://archive.ics.uci.edu/ml/machine-learning-databases/coil-mld/coil.data.html,279,3019150931
https://archive.ics.uci.edu/ml/datasets/Movie,483,513029313
https://archive.ics.uci.edu/ml/machine-learning-databases/movies-mld/movies.data.html,396,521417347
https://archive.ics.uci.edu/ml/machine-learning-databases/movies-mld/doc.html,4448,4013306419
https://archive.ics.uci.edu/ml/datasets/Challenger+USA+Space+Shuttle+O-Ring,534,626296051
https://archive.ics.uci.edu/ml/support/Challenger+USA+Space+Shuttle+O-Ring,233,288142545
https://archive.ics.uci.edu/ml/datasets/Contraceptive+Method+Choice,362,504423621
https://archive.ics.uci.edu/ml/support/Contraceptive+Method+Choice,262,308602073
https://archive.ics.uci.edu/ml/datasets/Parkinsons+Telemonitoring,506,1491076569
https://archive.ics.uci.edu/ml/datasets/LED+Display+Domain,478,1420875617
https://archive.ics.uci.edu/ml/datasets/Low+Resolution+Spectrometer,781,3619745170
https://archive.ics.uci.edu/ml/datasets/UJI+Pen+Characters,804,506254992
https://archive.ics.uci.edu/ml/datasets/Soybean+%28Small%29,1482,229869412
https://archive.ics.uci.edu/ml/support/Soybean+(Small),2725,1592051153
https://archive.ics.uci.edu/ml/datasets/M.+Tuberculosis+Genes,770,1592845139
https://archive.ics.uci.edu/ml/machine-learning-databases/tb-mld/tb.data.html,702,1324376663
https://archive.ics.uci.edu/ml/datasets/US+Census+Data+%281990%29,672,445720002
https://archive.ics.uci.edu/ml/support/US+Census+Data+(1990),270,1056765889
https://archive.ics.uci.edu/ml/machine-learning-databases/census1990-mld/USCensus1990-desc.html,535,989145042
https://archive.ics.uci.edu/ml/machine-learning-databases/census1990-mld/USCensus1990raw.coding.htm,16837,3348779041
https://archive.ics.uci.edu/ml/datasets/Labor+Relations,717,1340179043
https://archive.ics.uci.edu/ml/support/Labor+Relations,965,518809539
https://archive.ics.uci.edu/ml/datasets/Teaching+Assistant+Evaluation,263,521778386
https://archive.ics.uci.edu/ml/datasets/Abscisic+Acid+Signaling+Network,363,4176709490
https://archive.ics.uci.edu/ml/datasets/Chess+%28Domain+Theories%29,529,3343913879
https://archive.ics.uci.edu/ml/datasets/Lenses,449,127264194
https://archive.ics.uci.edu/ml/support/Lenses,703,521987777
https://archive.ics.uci.edu/ml/datasets/DGP2+-+The+Second+Data+Generation+Program,466,1593078128
https://archive.ics.uci.edu/ml/datasets/Statlog+%28Image+Segmentation%29,681,1586620102
https://archive.ics.uci.edu/ml/support/Statlog+(Image+Segmentation),916,3706775248
https://archive.ics.uci.edu/ml/datasets/Internet+Advertisements,271,513074368
https://archive.ics.uci.edu/ml/machine-learning-databases/internet_ads/ad.DOCUMENTATION,217,2226234452
https://archive.ics.uci.edu/ml/support/Internet+Advertisements,212,514124193
https://archive.ics.uci.edu/ml/datasets/Arrhythmia,702,3399508176
https://archive.ics.uci.edu/ml/support/Arrhythmia,240,1555150784
https://archive.ics.uci.edu/ml/datasets/CMU+Face+Images,387,508925280
https://archive.ics.uci.edu/ml/machine-learning-databases/faces-mld/faces.data.html,303,978425660
https://archive.ics.uci.edu/ml/datasets/KDD+Cup+1998+Data,294,1391781857
https://archive.ics.uci.edu/ml/machine-learning-databases/kddcup98-mld/epsilon_mirror/readme,363,1253337075
https://archive.ics.uci.edu/ml/datasets/Australian+Sign+Language+signs+%28High+Quality%29,671,1383707889
https://archive.ics.uci.edu/ml/datasets/Robot+Execution+Failures,359,1436087712
https://archive.ics.uci.edu/ml/machine-learning-databases/robotfailure-mld/robotfailure.data.html,406,349294641
https://archive.ics.uci.edu/ml/datasets/Solar+Flare,458,390111443
https://archive.ics.uci.edu/ml/support/Solar+Flare,444,3065562433
https://archive.ics.uci.edu/ml/datasets/Dexter,571,380920272
https://archive.ics.uci.edu/ml/datasets/Cylinder+Bands,669,631565777
https://archive.ics.uci.edu/ml/datasets/Statlog+%28Landsat+Satellite%29,1055,249620166
https://archive.ics.uci.edu/ml/datasets/Census-Income+%28KDD%29,546,508850643
https://archive.ics.uci.edu/ml/machine-learning-databases/census-income-mld/census-income.data.html,433,1045435351
https://archive.ics.uci.edu/ml/support/Census-Income+(KDD),301,385152369
https://archive.ics.uci.edu/ml/datasets/Molecular+Biology+%28Promoter+Gene+Sequences%29,1061,1334948321
https://archive.ics.uci.edu/ml/support/Molecular+Biology+(Promoter+Gene+Sequences),2235,1051043777
https://archive.ics.uci.edu/ml/datasets/Blood+Transfusion+Service+Center,450,2484078065
https://archive.ics.uci.edu/ml/datasets/Connect-4,452,1017028115
https://archive.ics.uci.edu/ml/datasets/E.+Coli+Genes,728,512844103
https://archive.ics.uci.edu/ml/machine-learning-databases/ecoli-mld/ecoli.data.html,544,876684127
https://archive.ics.uci.edu/ml/datasets/Horse+Colic,1118,397787584
https://archive.ics.uci.edu/ml/datasets/Pseudo+Periodic+Synthetic+Time+Series,331,516993729
https://archive.ics.uci.edu/ml/machine-learning-databases/synthetic-mld/synthetic.data.html,271,777564755
https://archive.ics.uci.edu/ml/datasets/Page+Blocks+Classification,386,525373506
https://archive.ics.uci.edu/ml/support/Page+Blocks+Classification,270,2665805441
https://archive.ics.uci.edu/ml/datasets/Semeion+Handwritten+Digit,315,1523938808
https://archive.ics.uci.edu/ml/datasets/CalIt2+Building+People+Counts,261,3278951921
https://archive.ics.uci.edu/ml/datasets/Echocardiogram,537,68219344
https://archive.ics.uci.edu/ml/support/Echocardiogram,325,2628118465
https://archive.ics.uci.edu/ml/datasets/Breast+Cancer+Wisconsin+%28Original%29,1359,251036691
https://archive.ics.uci.edu/ml/datasets/Post-Operative+Patient,419,1427645632
https://archive.ics.uci.edu/ml/support/Post-Operative+Patient,219,452519632
https://archive.ics.uci.edu/ml/datasets/Chess+%28King-Rook+vs.+King-Pawn%29,798,233121249
https://archive.ics.uci.edu/ml/support/Chess+(King-Rook+vs.+King-Pawn),1574,2326107633
https://archive.ics.uci.edu/ml/datasets/MONK%27s+Problems,661,217428581
https://archive.ics.uci.edu/ml/datasets/Trains,478,343180497
https://archive.ics.uci.edu/ml/datasets/UJI+Pen+Characters+%28Version+2%29,983,220516929
https://archive.ics.uci.edu/ml/datasets/Waveform+Database+Generator+%28Version+1%29,874,250000308
https://archive.ics.uci.edu/ml/support/Waveform+Database+Generator+(Version+1),2289,317055317
https://archive.ics.uci.edu/ml/datasets/Flags,498,1170268355
https://archive.ics.uci.edu/ml/support/Flags,266,1559549026
https://archive.ics.uci.edu/ml/datasets/Concrete+Slump+Test,327,511741136
https://archive.ics.uci.edu/ml/datasets/Document+Understanding,435,1603309649
https://archive.ics.uci.edu/ml/machine-learning-databases/document-understanding/document-understanding.info,734,1046123027
https://archive.ics.uci.edu/ml/datasets/Glass+Identification,1315,1203471846
https://archive.ics.uci.edu/ml/support/Glass+Identification,3382,2482889939
https://archive.ics.uci.edu/ml/datasets/IPUMS+Census+Database,507,515683811
https://archive.ics.uci.edu/ml/machine-learning-databases/ipums-mld/ipums.data.html,398,1056544243
https://archive.ics.uci.edu/ml/datasets/Congressional+Voting+Records,702,1198362722
https://archive.ics.uci.edu/ml/support/Congressional+Voting+Records,1282,1458425888
https://archive.ics.uci.edu/ml/datasets/Statlog+%28German+Credit+Data%29,691,2530378947
https://archive.ics.uci.edu/ml/support/Statlog+(German+Credit+Data),574,2528176097
https://archive.ics.uci.edu/ml/datasets/SECOM,525,345269507
https://archive.ics.uci.edu/ml/datasets/Mammographic+Mass,465,3724977363
https://archive.ics.uci.edu/ml/datasets/Opinosis+Opinion+%26frasl%3B+Review,237,1419035969
https://archive.ics.uci.edu/ml/datasets/Pittsburgh+Bridges,414,1464923584
https://archive.ics.uci.edu/ml/datasets/Annealing,430,1202827474
https://archive.ics.uci.edu/ml/support/Annealing,534,3534808291
https://archive.ics.uci.edu/ml/datasets/Audiology+%28Standardized%29,1077,1868869728
https://archive.ics.uci.edu/ml/datasets/EEG+Database,712,519336563
https://archive.ics.uci.edu/ml/datasets/Musk+%28Version+2%29,721,244447074
https://archive.ics.uci.edu/ml/machine-learning-databases/musk/clean2.info,666,361886195
https://archive.ics.uci.edu/ml/support/Musk+(Version+2),950,2452743507
https://archive.ics.uci.edu/ml/datasets/Statlog+%28Heart%29,338,337699264
https://archive.ics.uci.edu/ml/support/Statlog+(Heart),302,3588280257
https://archive.ics.uci.edu/ml/datasets/Kinship,266,479290816
https://archive.ics.uci.edu/ml/datasets/Ecoli,546,529842625
https://archive.ics.uci.edu/ml/support/Ecoli,745,493150465
https://archive.ics.uci.edu/ml/datasets/Sponge,308,1211134401
https://archive.ics.uci.edu/ml/datasets/URL+Reputation,249,3572819156
https://archive.ics.uci.edu/ml/datasets/Liver+Disorders,773,515876161
https://archive.ics.uci.edu/ml/support/Liver+Disorders,1365,380167377
https://archive.ics.uci.edu/ml/datasets/Covertype,803,1467102467
https://archive.ics.uci.edu/ml/support/Covertype,379,1391785537
https://archive.ics.uci.edu/ml/machine-learning-databases/covtype/covtype.info,1478,1596504122
https://archive.ics.uci.edu/ml/datasets/Chess+%28King-Rook+vs.+King%29,1135,262486001
https://archive.ics.uci.edu/ml/machine-learning-databases/chess/king-rook-vs-king/krkopt.info,700,1191515989
https://archive.ics.uci.edu/ml/datasets/Libras+Movement,300,2664594880
https://archive.ics.uci.edu/ml/datasets/Character+Trajectories,327,1558771401
https://archive.ics.uci.edu/ml/datasets/Acute+Inflammations,472,133219417
https://archive.ics.uci.edu/ml/datasets/Connectionist+Bench+%28Sonar%2C+Mines+vs.+Rocks%29,1334,1336394593
"https://archive.ics.uci.edu/ml/support/Connectionist+Bench+(Sonar,+Mines+vs.+Rocks)",3230,2519056593
https://archive.ics.uci.edu/ml/datasets/Bag+of+Words,322,3738274274
https://archive.ics.uci.edu/ml/machine-learning-databases/bag-of-words/readme.txt,250,3603007730
https://archive.ics.uci.edu/ml/datasets/UNIX+User+Data,356,479553217
https://archive.ics.uci.edu/ml/machine-learning-databases/UNIX_user_data-mld/README,204,2553242263
https://archive.ics.uci.edu/ml/datasets/NSF+Research+Award+Abstracts+1990-2003,237,3538970560
https://archive.ics.uci.edu/ml/machine-learning-databases/nsfabs-mld/nsfawards.data.html,450,2463246259
https://archive.ics.uci.edu/ml/datasets/Statlog+Project,1293,1324451556
https://archive.ics.uci.edu/ml/support/Statlog+Project,2723,3739281345
https://archive.ics.uci.edu/ml/datasets/Corel+Image+Features,531,511738752
https://archive.ics.uci.edu/ml/machine-learning-databases/CorelFeatures-mld/CorelFeatures.data.html,439,101221248
https://archive.ics.uci.edu/ml/datasets/Molecular+Biology+%28Splice-junction+Gene+Sequences%29,1050,252024260
https://archive.ics.uci.edu/ml/support/Molecular+Biology+(Splice-junction+Gene+Sequences),1798,2588783829
https://archive.ics.uci.edu/ml/datasets/Quadruped+Mammals,337,498132353
https://archive.ics.uci.edu/ml/datasets/Tic-Tac-Toe+Endgame,712,228889923
https://archive.ics.uci.edu/ml/support/Tic-Tac-Toe+Endgame,1251,229163379
https://archive.ics.uci.edu/ml/datasets/Dorothea,584,384066385
https://archive.ics.uci.edu/ml/datasets/Volcanoes+on+Venus+-+JARtool+experiment,491,1486153552
https://archive.ics.uci.edu/ml/machine-learning-databases/volcanoes-mld/volcanoes.data.html,555,3493242707
https://archive.ics.uci.edu/ml/machine-learning-databases/volcanoes-mld/README,1084,347514689
https://archive.ics.uci.edu/ml/datasets/Dermatology,704,529834081
https://archive.ics.uci.edu/ml/support/Dermatology,668,1526259825
https://archive.ics.uci.edu/ml/datasets/Lung+Cancer,373,311768211
https://archive.ics.uci.edu/ml/datasets/Computer+Hardware,344,521168099
https://archive.ics.uci.edu/ml/datasets/Plants,219,1580221888
https://archive.ics.uci.edu/ml/datasets/Gisette,503,385151952
https://archive.ics.uci.edu/ml/datasets/Soybean+%28Large%29,1438,212973412
https://archive.ics.uci.edu/ml/datasets/Primary+Tumor,533,1182643680
https://archive.ics.uci.edu/ml/support/Primary+Tumor,514,11386048
https://archive.ics.uci.edu/ml/datasets/Balance+Scale,498,437368288
https://archive.ics.uci.edu/ml/support/Balance+Scale,565,3673548483
https://archive.ics.uci.edu/ml/datasets/Meta-data,422,1544610563
https://archive.ics.uci.edu/ml/datasets/Census+Income,797,1335330277
https://archive.ics.uci.edu/ml/support/Census+Income,1410,922502465
https://archive.ics.uci.edu/ml/datasets/Auto+MPG,494,529638883
https://archive.ics.uci.edu/ml/support/Auto+MPG,867,1584522353
https://archive.ics.uci.edu/ml/datasets/Letter+Recognition,679,257527875
https://archive.ics.uci.edu/ml/support/Letter+Recognition,1079,393585361
https://archive.ics.uci.edu/ml/datasets/Chess+%28King-Rook+vs.+King-Knight%29,964,262419523
https://archive.ics.uci.edu/ml/datasets/Connectionist+Bench+%28Nettalk+Corpus%29,545,1591799970
https://archive.ics.uci.edu/ml/support/Connectionist+Bench+(Nettalk+Corpus),678,1558500290
https://archive.ics.uci.edu/ml/datasets/Pen-Based+Recognition+of+Handwritten+Digits,873,1318384884
https://archive.ics.uci.edu/ml/datasets/Credit+Approval,324,1552998595
https://archive.ics.uci.edu/ml/support/Credit+Approval,291,1601038322
https://archive.ics.uci.edu/ml/datasets/Dodgers+Loop+Sensor,287,499422689
https://archive.ics.uci.edu/ml/datasets/Entree+Chicago+Recommendation+Data,513,448009553
https://archive.ics.uci.edu/ml/machine-learning-databases/entree-mld/entree.data.html,432,331095317
https://archive.ics.uci.edu/ml/datasets/Connectionist+Bench+%28Vowel+Recognition+-+Deterding+Data%29,372,452327139
https://archive.ics.uci.edu/ml/support/Connectionist+Bench+(Vowel+Recognition+-+Deterding+Data),202,1446311619
https://archive.ics.uci.edu/ml/datasets/Moral+Reasoner,237,1322337600
https://archive.ics.uci.edu/ml/machine-learning-databases/moral-reasoner/moral.info,270,1725792902
https://archive.ics.uci.edu/ml/datasets/Automobile,554,387229059
https://archive.ics.uci.edu/ml/support/Automobile,254,448030656
https://archive.ics.uci.edu/ml/datasets/Protein+Data,439,1339421152
https://archive.ics.uci.edu/ml/support/Protein+Data,1055,2675761361
https://archive.ics.uci.edu/ml/datasets/Raisin+Dataset,343,530081733
https://archive.ics.uci.edu/ml/datasets/Wine+Quality,341,1188316419
https://archive.ics.uci.edu/ml/datasets/Wikipedia+Math+Essentials,223,1402289360
https://archive.ics.uci.edu/ml/datasets/Breast+Cancer+Wisconsin+%28Diagnostic%29,1359,471175173
https://archive.ics.uci.edu/ml/datasets/Abalone,941,1318430561
https://archive.ics.uci.edu/ml/support/Abalone,1979,3325412497
https://archive.ics.uci.edu/ml/datasets/Turkish+Headlines+Dataset,253,1488192832
https://archive.ics.uci.edu/ml/datasets/9mers+from+cullpdb,375,341270722
https://www.ics.uci.edu/~fielding/talks/ssapache/ALL.htm,681,947881317
https://www.ics.uci.edu/~fielding/talks/ssapache/agenda.txt,610,3222732049
https://www.ics.uci.edu/~rohit/Acknowledgments.htm,577,2186620848
https://www.ics.uci.edu/grad/index,526,2339323288
https://www.ics.uci.edu/grad/funding/housing.php,315,426770229
https://www.ics.uci.edu/grad/admissions_faq/index.php,921,3544520180
https://www.ics.uci.edu/grad/forms_policies/index.php,2070,1668649556
https://www.ics.uci.edu/grad/Course_updates.php,696,2884613406
https://www.ics.uci.edu/grad/courses/index-course.php,382,492802821
https://www.ics.uci.edu/ugrad/resources/ICS_StudentOrgs.php,1415,3663983376
https://www.ics.uci.edu/community/news/view_news?id=2196,557,1668560244
https://www.ics.uci.edu/community/news/view_news.php?id=2195,477,1248834545
https://www.ics.uci.edu/community/news/view_news.php?id=2194,429,1215247155
https://www.ics.uci.edu/community/news/view_news?id=1458,405,2674867001
https://www.ics.uci.edu/community/news/view_news.php?id=1459,518,2607698737
https://www.ics.uci.edu/ugrad/degrees/degree_cgs.php,680,1228683029
https://www.ics.uci.edu/community/news/view_news.php?id=1460,787,3680252789
https://www.ics.uci.edu/community/news/view_news.php?id=1461,581,1483202416
https://www.ics.uci.edu/community/news/view_news.php?id=1462,597,1367129941
https://www.ics.uci.edu/community/news/view_news.php?id=1463,432,1499981201
https://www.ics.uci.edu/community/news/view_news.php?id=1457,722,1199413108
https://www.ics.uci.edu/community/news/view_news?id=2219,567,1131781356
https://www.ics.uci.edu/community/news/view_news?id=2225,677,527929657
https://www.ics.uci.edu/community/news/view_news.php?id=2226,542,176135024
https://www.ics.uci.edu/community/news/view_news.php?id=2227,358,191863072
https://www.ics.uci.edu/community/news/view_news.php?id=2228,668,3479640945
https://www.ics.uci.edu/community/news/articles/index.php?select_year=2007,506,2322579378
https://www.ics.uci.edu/community/news/articles/view_article?id=74,648,2616137524
https://www.ics.uci.edu/community/news/articles/view_article?id=76,496,1213175089
https://www.ics.uci.edu/community/news/articles/view_article?id=75,457,1232443168
https://www.ics.uci.edu/community/news/articles/view_article?id=84,726,1844199177
https://www.ics.uci.edu/community/news/articles/view_article?id=71,984,3108904868
https://www.ics.uci.edu/community/news/articles/view_article?id=87,385,192914176
https://www.ics.uci.edu/community/news/articles/view_article?id=78,447,407879476
https://www.ics.uci.edu/community/news/articles/view_article?id=81,480,2554732081
https://www.ics.uci.edu/community/news/articles/view_article?id=83,962,2287416613
https://www.ics.uci.edu/community/news/articles/view_article?id=85,810,1481586532
https://www.ics.uci.edu/community/news/articles/view_article?id=69,580,839856913
https://www.ics.uci.edu/community/news/articles/view_article?id=79,565,1113567077
https://www.ics.uci.edu/community/news/articles/view_article?id=77,1415,149307189
https://www.ics.uci.edu/about/annualreport/2006-07/development.php,272,2741335460
https://www.ics.uci.edu/community/friends/proj125/index.php,323,3546764033
https://www.ics.uci.edu/community/friends/proj125/proj125_samples.php,341,2301579536
https://www.ics.uci.edu/community/friends/proj125/proj125_faq.php,445,4079743256
https://www.ics.uci.edu/community/scholarships/scholar_corporate.php,318,2338796816
https://www.ics.uci.edu/community/scholarships/index.php,788,2876154389
https://www.ics.uci.edu/community/alumni/index.php,411,3546751408
https://www.ics.uci.edu/community/events/extreme/index.php,333,2205111836
https://www.ics.uci.edu/community/events/extreme/intent/index.php,333,123688752
https://www.ics.uci.edu/community/alumni/mentor/mentor_signup.php,520,420444081
https://www.ics.uci.edu/community/events/extreme/extreme_timeline.php,357,2507626044
https://www.ics.uci.edu/community/friends/OLD_index.php,365,2305782708
https://www.ics.uci.edu/community/news/notes/honors_2009.php,476,2004235168
https://www.ics.uci.edu/community/events/extreme/extreme_awards_2008.php,550,2171499317
https://www.ics.uci.edu/community/events/extreme/hitec_awards_2009.php,507,24855324
https://www.ics.uci.edu/community/events/extreme/extreme_format.php,494,2327623444
https://www.ics.uci.edu/community/events/extreme/extreme_guidelines.php,668,2256368412
https://www.ics.uci.edu/about/annualreport/2006-07/donors.php,1311,3858170933
https://www.ics.uci.edu/about/annualreport/2006-07/sao.php,365,3796711703
https://www.ics.uci.edu/faculty/index.php,3625,2675044213
https://www.ics.uci.edu/~standish/,413,51494055
https://www.ics.uci.edu/faculty/index.php?letter=K,428,3731121973
https://www.ics.uci.edu/faculty/index.php?letter=X,330,1265008433
https://www.ics.uci.edu/faculty/index.php?letter=Y,386,3748036405
https://www.ics.uci.edu/~yunanc/,211,1315247709
https://www.ics.uci.edu/~fowlkes/,1097,2171985881
https://www.ics.uci.edu/~fowlkes/presentations.html,345,3312768539
https://www.ics.uci.edu/~yunhaz5/cvpr2020/domain_decluttering.html,256,2277969585
https://www.ics.uci.edu/~fowlkes/bioshape/index.html,1541,1279106582
http://vision.ics.uci.edu/pocv2012/index.html,519,1614546181
https://www.ics.uci.edu/~fowlkes/imageunderstanding.html,522,2370950674
https://www.ics.uci.edu/~fowlkes/sceneunderstanding.html,498,3228947322
https://www.ics.uci.edu/~smyth/,230,3142907856
https://www.ics.uci.edu/~smyth/courses/stats5/,220,735372877
https://www.ics.uci.edu/~smyth/research_group.html,533,458731097
https://create.ics.uci.edu/,219,1114978291
https://www.ics.uci.edu/~asuncion/,545,1257643066
https://www.ics.uci.edu/~smyth/papers.html,5123,142054682
http://www.datalab.uci.edu/papers/JUNG_tech_report.html,3115,454310969
https://www.ics.uci.edu/~smyth/courses/cs175/,410,3324256277
https://www.ics.uci.edu/~smyth/courses/cs175/project_reading.html,437,4230978933
https://www.ics.uci.edu/~smyth/courses/cs175/software.html,304,161802035
https://www.ics.uci.edu/~smyth/courses/cs175/text_data_sets.html,390,183275474
https://www.ics.uci.edu/~smyth/projects.html,403,1538537316
https://www.ics.uci.edu/~smyth/courses/cs274/,389,1335276672
https://www.ics.uci.edu/~smyth/courses/cs274/books.html,262,1161098528
https://www.ics.uci.edu/~smyth/courses/cs274/notes.html,820,589409460
https://www.ics.uci.edu/~smyth/courses/cs274/syllabus.html,303,805123312
https://www.ics.uci.edu/~smyth/psmyth_short_bio.html,232,1875804117
https://www.ics.uci.edu/~smyth/index.html,236,2605982992
https://www.ics.uci.edu/employment/index.php,439,1248114609
https://www.ics.uci.edu/faculty/profiles/view_faculty.php?ucinetid=lueker,291,1332166451
https://www.ics.uci.edu/faculty/index.php?letter=J,448,3665194805
https://www.ics.uci.edu/~gopi/,374,3648045940
https://www.ics.uci.edu/~gopi/Resume.html,4070,1215595860
https://www.ics.uci.edu/~alexv/,236,190088788
https://www.ics.uci.edu/~alexv/low_pwr.html,226,2231859091
https://www.ics.uci.edu/~alexv/pubs.html,2131,1697023254
https://www.ics.uci.edu/faculty/index.php?letter=M,576,2675207989
https://www.ics.uci.edu/faculty/profiles/view_faculty.php?ucinetid=emilyo,256,458045233
https://www.ics.uci.edu/~stasio/,827,2023008117
https://www.ics.uci.edu/~stasio/cs167/index.html,444,2279010309
https://www.ics.uci.edu/~stasio/cs167/syllabus.html,1253,2746427461
https://www.ics.uci.edu/~stasio/spring04/ics180.html,613,4132303412
https://www.ics.uci.edu/~stasio/spring04/handouts180.html,236,1322477782
https://www.ics.uci.edu/~stasio/spring04/reading.html,555,1684404285
https://www.ics.uci.edu/~stasio/spring04/outline180.html,1180,647046261
https://www.ics.uci.edu/~stasio/winter06/ics22H.html,454,2774230404
https://www.ics.uci.edu/~stasio/winter06/lab_intro.html,607,1014202646
https://www.ics.uci.edu/~thornton/ics22/LabManual/SettingUpJava.html,1714,253956356
https://www.ics.uci.edu/~thornton/ics22/Schedule.html,464,3000170644
https://www.ics.uci.edu/~thornton/ics22/LabManual/PerfectCandidate/,2444,3362631878
https://www.ics.uci.edu/~thornton/ics22/LabManual/index.html,2450,174567684
https://www.ics.uci.edu/~thornton/ics22/LabManual/StyleStandards.html,626,1835016516
https://www.ics.uci.edu/~thornton/ics22/LabManual/SubmittingProjects.html,370,2307301860
https://www.ics.uci.edu/~thornton/ics22/LabManual/Lab0/,1375,3915855172
https://www.ics.uci.edu/~thornton/ics22/LabManual/SignalToNoise/,2235,3259445400
https://www.ics.uci.edu/~thornton/ics22/LabManual/Simple/,3875,1732621788
https://www.ics.uci.edu/~thornton/ics22/LabManual/ExpressoLove/,2591,2304222007
https://www.ics.uci.edu/~thornton/ics22/LabManual/GoneToTheMovies/,2320,2237510076
https://www.ics.uci.edu/~thornton/ics22/LabManual/FindMe/,2215,1912944004
https://www.ics.uci.edu/~thornton/ics22/CourseReference.html,1218,2843681028
https://www.ics.uci.edu/~stasio/winter06/lab2/lab2.html,1016,1668641566
https://www.ics.uci.edu/~stasio/winter06/lab2/GraphicalSavingsCalculator.java,216,2553201439
https://www.ics.uci.edu/~stasio/winter06/lab2/SavingsCalculatorTester.java,280,2557571766
https://www.ics.uci.edu/~stasio/winter06/Homeworks/sol5.txt,815,3445188286
https://www.ics.uci.edu/~stasio/winter06/lab5/lab5.html,799,2547093997
https://www.ics.uci.edu/~stasio/winter06/crf.html,447,2639701763
https://www.ics.uci.edu/~stasio/winter06/lab1/lab1.html,668,4137750550
https://swiki.ics.uci.edu/doku.php,468,4175569334
https://swiki.ics.uci.edu/doku.php/projects:maint-spring-2021,724,3521372656
https://swiki.ics.uci.edu/doku.php/projects:maint-spring-2021?do=revisions,510,3150737394
https://swiki.ics.uci.edu/doku.php/projects:maint-spring-2021?rev=1623082636&do=diff,1375,2983127410
https://swiki.ics.uci.edu/doku.php/projects:maint-spring-2021?rev=1622853436,422,3521569779
https://swiki.ics.uci.edu/doku.php/projects:maint-spring-2021?rev=1619203133,247,2563188657
https://swiki.ics.uci.edu/doku.php/projects:maint-spring-2021?do=edit&rev=1619203133,254,3502711731
https://swiki.ics.uci.edu/doku.php/projects:maint-spring-2021?rev=1623434109&do=diff,890,2999774194
https://swiki.ics.uci.edu/doku.php/start?do=edit,565,4176947638
https://swiki.ics.uci.edu/doku.php/announce:announce-2023,1889,2153997172
https://swiki.ics.uci.edu/doku.php/announce:announce-2023?do=edit,2107,3773260662
https://wiki.ics.uci.edu/doku.php/virtual_environments:jupyterhub,1220,1089102544
https://wiki.ics.uci.edu/doku.php/virtual_environments:jupyterhub?do=revisions,320,2177787650
https://wiki.ics.uci.edu/doku.php/virtual_environments:jupyterhub?rev=1643855439&do=diff,1173,2194600727
https://wiki.ics.uci.edu/doku.php/virtual_environments:jupyterhub?rev=1636398936&do=diff,1799,2161048470
https://wiki.ics.uci.edu/doku.php/virtual_environments:jupyterhub?rev=1649874449&do=diff,969,2865672982
https://wiki.ics.uci.edu/doku.php/virtual_environments:jupyterhub?do=diff&rev2%5B0%5D=1646764814&rev2%5B1%5D=1649874537&difftype=sidebyside,885,2597237566
https://wiki.ics.uci.edu/doku.php/virtual_environments:jupyterhub?do=diff&rev=1646764814&difftype=sidebyside,964,2161029918
https://swiki.ics.uci.edu/doku.php/announce:announce-2023?do=revisions,423,3070162548
https://swiki.ics.uci.edu/doku.php/announce:announce-2023?rev=1678737183,560,3824378452
https://swiki.ics.uci.edu/doku.php/announce:announce-2023?rev=1680645977&do=diff,1585,3874386804
https://swiki.ics.uci.edu/doku.php/announce:announce-2023?rev=1678138814,413,3873661460
https://swiki.ics.uci.edu/doku.php/policies:sudoers,476,1374122609
https://swiki.ics.uci.edu/doku.php/projects:maint-2023,296,3856982578
https://swiki.ics.uci.edu/doku.php/announce:announce-2021,723,2196189488
https://swiki.ics.uci.edu/doku.php/announce:announce-2021?do=revisions,341,3235228447
https://swiki.ics.uci.edu/doku.php/announce:announce-2021?rev=1633374106&do=diff,1153,2197223735
https://swiki.ics.uci.edu/doku.php/announce:announce-2021?rev=1636133902&do=diff,877,2162618647
https://swiki.ics.uci.edu/doku.php/announce:announce-2021?rev=1632772333&do=diff,1221,3271014679
https://swiki.ics.uci.edu/doku.php/announce:announce-2021?do=diff&rev2%5B0%5D=1632767931&rev2%5B1%5D=1646764851&difftype=sidebyside,1261,2196224310
https://swiki.ics.uci.edu/doku.php/announce:announce-2021?rev=1632767931,341,2164208032
https://swiki.ics.uci.edu/doku.php/announce:announce-2021?rev=1635569280&do=diff,1198,3269896503
https://swiki.ics.uci.edu/doku.php/announce:announce-2021?rev=1636086372&do=diff,1108,2263261463
https://swiki.ics.uci.edu/doku.php/start?do=revisions,377,3202770725
https://swiki.ics.uci.edu/doku.php/start?rev=1617220254,489,4175831730
https://swiki.ics.uci.edu/doku.php/announce:spring-2021,739,1097703728
https://swiki.ics.uci.edu/doku.php/announce:spring-2021?do=edit,819,3773145392
https://swiki.ics.uci.edu/doku.php/announce:spring-2021?do=revisions,421,2848861472
https://swiki.ics.uci.edu/doku.php/announce:spring-2021?rev=1641333158&do=diff,1202,3790529840
https://swiki.ics.uci.edu/doku.php/announce:spring-2021?rev=1641415074,516,1089446160
https://swiki.ics.uci.edu/doku.php/announce:spring-2021?rev=1641397612,521,1482924336
https://swiki.ics.uci.edu/doku.php/announce:spring-2021?do=edit&rev=1641397612,574,1355260208
https://swiki.ics.uci.edu/doku.php/announce:spring-2021?rev=1641333158,325,1492361496
https://swiki.ics.uci.edu/doku.php/announce:spring-2021?rev=1641603915&do=diff,561,2918114592
https://swiki.ics.uci.edu/doku.php/announce:fall-2020,962,3303219476
https://swiki.ics.uci.edu/doku.php/announce:fall-2020?do=edit,1055,3236110738
https://swiki.ics.uci.edu/doku.php/announce:fall-2020?do=revisions,471,3588973844
https://swiki.ics.uci.edu/doku.php/announce:fall-2020?rev=1603815141&do=diff,1761,3890693397
https://swiki.ics.uci.edu/doku.php/announce:fall-2020?rev=1603827487,614,3303145745
https://swiki.ics.uci.edu/doku.php/announce:fall-2020?do=edit&rev=1603827487,675,3569557904
https://swiki.ics.uci.edu/doku.php/announce:fall-2020?rev=1603427493,512,3705807125
https://swiki.ics.uci.edu/doku.php/start?do=edit&rev=1617220254,575,4175913718
https://swiki.ics.uci.edu/doku.php/start?rev=1603986854,479,4167458864
https://swiki.ics.uci.edu/doku.php/projects:maint-2022,645,2781194608
https://swiki.ics.uci.edu/doku.php/projects:maint-2022?do=revisions,360,3184442426
https://swiki.ics.uci.edu/doku.php/projects:maint-2022?rev=1654817716&do=diff,684,2916062512
https://swiki.ics.uci.edu/doku.php/projects:maint-2022?do=diff&rev2%5B0%5D=1654817716&rev2%5B1%5D=1656005196&difftype=sidebyside,606,2915995944
https://swiki.ics.uci.edu/doku.php/projects:maint-2022?rev=1654709025&do=diff,825,2915866928
https://swiki.ics.uci.edu/doku.php/projects:maint-2022?rev=1653414662,373,2984486962
https://swiki.ics.uci.edu/doku.php/projects:maint-2022?rev=1642138353,216,3051710642
https://swiki.ics.uci.edu/doku.php/projects:maint-2022?rev=1654807918,435,2714085426
https://swiki.ics.uci.edu/doku.php/projects:maint-2022?do=edit,587,2713821554
https://swiki.ics.uci.edu/doku.php/projects:maint-winter-2021,1274,3309560215
https://swiki.ics.uci.edu/doku.php/projects:maint-winter-2021?do=revisions,401,1356114974
https://swiki.ics.uci.edu/doku.php/projects:maint-winter-2021?rev=1614211287,309,3519259218
https://swiki.ics.uci.edu/doku.php/projects:maint-winter-2021?rev=1615917512&do=diff,1181,1707532631
https://swiki.ics.uci.edu/doku.php/projects:maint-winter-2021?rev=1611102353&do=diff,1823,3251101975
https://swiki.ics.uci.edu/doku.php/projects:maint-winter-2021?rev=1615841899,715,3250839702
https://swiki.ics.uci.edu/doku.php/projects:maint-winter-2021?rev=1615997082&do=diff,773,1619321206
https://swiki.ics.uci.edu/doku.php/projects:maint-winter-2021?rev=1611176015,210,2042799250
https://swiki.ics.uci.edu/doku.php/projects:maint-winter-2021?rev=1616194040&do=diff,549,1083630966
https://swiki.ics.uci.edu/doku.php/projects:maint-2021,2006,1149743409
https://swiki.ics.uci.edu/doku.php/projects:maint-2021?do=revisions,373,1423370903
https://swiki.ics.uci.edu/doku.php/projects:maint-2021?rev=1637606071&do=diff,1012,1185346454
https://swiki.ics.uci.edu/doku.php/projects:maint-2021?rev=1631826820&do=diff,1928,1183248695
https://www.ics.uci.edu/~stasio/winter05/lab0/Blink.java,304,2655978587
https://www.ics.uci.edu/~stasio/winter06/lab4/lab4.html,1293,41261932
https://www.ics.uci.edu/~stasio/winter06/lab3/lab3.html,2935,3864340044
https://www.ics.uci.edu/~stasio/ics6b-s10/index.html,452,2272715924
https://www.ics.uci.edu/~stasio/ics6b-s10/hw.html,1062,2236869653
https://www.ics.uci.edu/~stasio/fall04/ics268.html,738,3828216373
https://www.ics.uci.edu/~stasio/fall04/outline268.html,750,596844784
https://www.ics.uci.edu/~stasio/winter04/ics280.html,608,4134138490
https://www.ics.uci.edu/~stasio/winter04/outline.html,247,3063490425
https://www.ics.uci.edu/faculty/index.php?letter=C,430,3395583797
https://www.ics.uci.edu/~wjohnson/,283,1836858962
https://www.ics.uci.edu/~wjohnson/BIDA/BIDABook.html,500,938687190
https://www.ics.uci.edu/~wjohnson/BIDA/Ch13/BayesPHinSAS.sas,236,2484514003
https://www.ics.uci.edu/~wjohnson/BIDA/Ch13/AcheDataExercise13-20.txt,1626,2523973655
https://www.ics.uci.edu/~wjohnson/BIDA/Ch9/FullFEVdataExercise9-21.txt,4813,2452734007
https://www.ics.uci.edu/~wjohnson/BIDA/Ch11/Ch11SAScode.txt,243,1355922637
https://www.ics.uci.edu/~wjohnson/BIDA/Ch8/ToenailData.txt,10598,2457067703
https://www.ics.uci.edu/~wjohnson/BIDA/Ch8/logoddsdata.txt,3542,2486428695
https://www.ics.uci.edu/~wjohnson/BIDA/Ch15/Chap15DPpackage.txt,763,3385902263
https://www.ics.uci.edu/~wjohnson/BIDA/Ch13/Larynx-Cancer-Data.txt,912,2278719681
https://www.ics.uci.edu/~wjohnson/BIDA/Ch8/trauma300.txt,2105,2188624959
https://www.ics.uci.edu/~wjohnson/BIDA/Ch10/DentalData.txt,596,3608325427
https://www.ics.uci.edu/~wjohnson/BIDA/Ch9/BankSalaryData.txt,563,3497192471
https://artifex.org/~bonnie/,1132,1313115445
https://www.ics.uci.edu/faculty/profiles/view_faculty.php?ucinetid=ebozorgz,288,3662100272
https://www.ics.uci.edu/~majumder/,388,1145472756
https://www.ics.uci.edu/~majumder/pub.html,1768,475301684
https://www.ics.uci.edu/faculty/profiles/view_faculty.php?ucinetid=weinings,305,3528275761
https://www.ics.uci.edu/~jutts/,736,964443843
https://www.ics.uci.edu/~jutts/110/,1155,2950162051
https://www.ics.uci.edu/~lab/lab_schedule/index.php,273,2202940725
https://www.ics.uci.edu/~lab/lab_schedule/spring_finals.php,233,2205097265
https://www.ics.uci.edu/~lab/labs_specs/index.php,208,2603555892
https://www.ics.uci.edu/~lab/labs_specs/hardware.php,279,2452429700
https://www.ics.uci.edu/~lab/labs_specs/software.php,462,3140948788
https://www.ics.uci.edu/~lab/students/unixfiles.php,371,3492756244
https://wiki.ics.uci.edu/doku.php/accounts:VMware,208,3110503148
https://wiki.ics.uci.edu/doku.php/accounts:vmware?do=edit,206,4050027502
https://www.ics.uci.edu/~lab/lab_schedule/index.php,303,2253012285
https://www.ics.uci.edu/~lab/lab_assistants/index.php,225,2624524556
https://www.ics.uci.edu/~lab/proj_ics/index.php,263,3262062356
https://www.ics.uci.edu/~lab/proj_ics/grp_acct.php,324,3378975520
https://www.ics.uci.edu/~lab/policies/index.php,232,2607749392
https://www.ics.uci.edu/~lab/students/index.php,368,3647869720
https://www.ics.uci.edu/~lab/students/acct_activate.php,529,2288386608
https://www.ics.uci.edu/~lab/students/printing.php,373,2435724052
https://www.ics.uci.edu/~lab/students/faq.php,559,2640985516
https://www.ics.uci.edu/~lab/faculties/index.php,251,2607750952
https://www.ics.uci.edu/~jutts/110/StateSAT.txt,604,2275632304
https://www.ics.uci.edu/~jutts/110/Hmwk6.txt,605,2281030765
https://www.ics.uci.edu/~jutts/110/PhysicalData.txt,825,1125790884
https://www.ics.uci.edu/~jutts/hyman.html,7129,3615438264
https://www.ics.uci.edu/~jutts/admin.htm,258,981423335
https://www.ics.uci.edu/~jutts/response.html,724,2416925632
https://www.ics.uci.edu/~jutts/azpsi.html,753,1127889962
https://www.ics.uci.edu/~jutts/7-W13/,1885,2810635793
https://www.ics.uci.edu/~jutts/7-W13/pennstate.txt,1904,53146912
https://www.ics.uci.edu/~jutts/7-W13/ucdavis1.txt,2302,61531188
https://www.ics.uci.edu/~jutts/7-W13/oldfaithful.txt,730,2704524416
https://www.ics.uci.edu/~jutts/statlinks.html,639,1035296593
https://www.ics.uci.edu/~jutts/st108/,1115,2807294611
https://www.ics.uci.edu/~jutts/st108/Nov19HW.txt,1026,565961905
https://www.ics.uci.edu/~jutts/st108/GPA.txt,483,2249695383
https://www.ics.uci.edu/~jutts/201-F13/,1170,2805704193
https://www.ics.uci.edu/~jutts/201-F13/Student0405.txt,5111,2259011638
https://www.ics.uci.edu/~jutts/201-F13/UCD.txt,1209,2473640183
https://www.ics.uci.edu/~jutts/201-F13/CH03PR18.txt,333,3083748657
https://www.ics.uci.edu/~jutts/201-F13/CH06PR15.txt,230,2167529479
https://www.ics.uci.edu/~jutts/activities.htm,628,1130061518
https://www.ics.uci.edu/~jutts/st13v-06/,501,2806410755
https://judithsolson.com/,221,1511370564
https://www.ics.uci.edu/~emilyo/,2450,2871369140
https://www.ics.uci.edu/community/news/view_news.php?id=2069,610,1870599444
https://www.ics.uci.edu/ugrad/index.php,899,102671536
https://www.ics.uci.edu/community/news/view_news?id=2233,853,2205119764
https://www.ics.uci.edu/community/news/view_news.php?id=2234,1450,1786091120
https://www.ics.uci.edu/community/news/view_news.php?id=2232,581,2204436260
https://www.ics.uci.edu/community/news/view_news.php?id=2231,588,1097796892
https://www.ics.uci.edu/community/news/view_news.php?id=2230,506,308657496
https://www.ics.uci.edu/community/news/view_news.php?id=2067,860,140785429
https://www.ics.uci.edu/community/news/view_news.php?id=2066,572,677887456
https://www.ics.uci.edu/community/news/index.php,2529,2381299000
https://www.ics.uci.edu/community/news/view_news?id=2082,329,3746512689
https://www.ics.uci.edu/community/news/view_news.php?id=2081,993,1265972593
https://www.ics.uci.edu/community/news/view_news?id=2160,673,2306828082
https://www.ics.uci.edu/community/news/view_news.php?id=2161,1665,1802841533
https://www.ics.uci.edu/community/news/view_news.php?id=2159,686,2154815800
https://www.ics.uci.edu/community/news/view_news.php?id=2158,617,3413095313
https://www.ics.uci.edu/community/news/view_news?id=2073,545,1735341985
https://www.ics.uci.edu/community/news/view_news.php?id=2072,408,1500363540
https://www.ics.uci.edu/community/news/view_news.php?id=2071,506,1499977493
https://www.ics.uci.edu/community/news/view_news?id=2140,571,3313477493
https://www.ics.uci.edu/community/news/view_news.php?id=2139,491,1869063473
https://www.ics.uci.edu/community/news/view_news.php?id=2141,819,2230662009
https://www.ics.uci.edu/community/news/view_news.php?id=2142,1010,142554945
https://www.ics.uci.edu/community/news/view_news.php?id=2143,944,896873872
https://www.ics.uci.edu/community/news/view_news.php?id=2144,698,1769324368
https://www.ics.uci.edu/community/news/view_news?id=2087,475,1130837269
https://www.ics.uci.edu/community/news/view_news?id=2005,1114,2054534485
https://www.ics.uci.edu/community/news/view_news.php?id=2004,769,3278745528
https://www.ics.uci.edu/community/news/view_news.php?id=2086,620,3414103857
https://www.ics.uci.edu/community/news/view_news?id=2060,411,3479688977
https://www.ics.uci.edu/community/news/view_news.php?id=2059,523,1786625555
https://www.ics.uci.edu/community/news/view_news.php?id=2058,624,712880665
https://www.ics.uci.edu/community/news/view_news.php?id=2057,498,1802353952
https://www.ics.uci.edu/community/news/view_news.php?id=2056,667,2036669404
https://www.ics.uci.edu/community/news/view_news.php?id=2055,394,2405906208
https://www.ics.uci.edu/community/news/view_news.php?id=2054,785,1517662985
https://www.ics.uci.edu/community/news/view_news.php?id=2053,1618,1132279681
https://www.ics.uci.edu/community/news/view_news.php?id=2052,597,1127741360
https://www.ics.uci.edu/community/news/view_news?id=2031,752,1230322449
https://www.ics.uci.edu/community/news/view_news.php?id=2032,575,3915724625
https://www.ics.uci.edu/community/news/view_news.php?id=2033,692,2874095198
https://www.ics.uci.edu/community/news/view_news?id=1514,542,2071311379
https://www.ics.uci.edu/community/news/view_news.php?id=1513,338,3378982705
https://www.ics.uci.edu/community/news/view_news?id=2210,923,2079700692
https://www.ics.uci.edu/community/news/view_news.php?id=2209,840,3410407685
https://www.ics.uci.edu/community/news/view_news.php?id=2208,519,1601141552
https://www.ics.uci.edu/community/news/view_news.php?id=2207,476,1512259185
https://www.ics.uci.edu/community/news/view_news.php?id=2206,491,1266136868
https://www.ics.uci.edu/community/news/view_news.php?id=2205,1007,2188350997
https://www.ics.uci.edu/community/news/view_news.php?id=2204,1185,544191781
https://www.ics.uci.edu/community/news/view_news.php?id=2203,1149,1652374865
https://www.ics.uci.edu/community/news/view_news.php?id=2202,625,1246573909
https://www.ics.uci.edu/community/news/view_news.php?id=2201,575,2859833120
https://www.ics.uci.edu/community/news/view_news.php?id=2211,886,1799698420
https://www.ics.uci.edu/community/news/view_news.php?id=2212,554,158768912
https://www.ics.uci.edu/community/news/view_news.php?id=2213,636,830213252
https://www.ics.uci.edu/community/news/view_news?id=2164,400,1213150480
https://www.ics.uci.edu/community/news/view_news.php?id=2163,950,1651850161
https://www.ics.uci.edu/community/news/view_news.php?id=2165,1833,207959864
https://www.ics.uci.edu/community/news/view_news.php?id=2166,835,3145571099
https://www.ics.uci.edu/community/news/view_news.php?id=2167,1487,2338363668
https://www.ics.uci.edu/community/news/view_news?id=2104,360,292503353
https://www.ics.uci.edu/community/news/view_news.php?id=2103,623,359110449
https://www.ics.uci.edu/community/news/view_news.php?id=2102,770,2305276689
https://www.ics.uci.edu/community/news/view_news?id=2191,843,2219786112
https://www.ics.uci.edu/community/news/view_news.php?id=2192,460,443487028
https://www.ics.uci.edu/community/news/view_news.php?id=2190,428,459225909
https://www.ics.uci.edu/community/news/view_news.php?id=2189,455,3564060528
https://www.ics.uci.edu/community/news/view_news.php?id=2188,1040,1139126596
https://www.ics.uci.edu/community/news/view_news.php?id=2187,609,57650544
https://www.ics.uci.edu/community/news/view_news.php?id=2186,903,3672481632
https://www.ics.uci.edu/community/news/view_news?id=2084,623,996945688
https://www.ics.uci.edu/community/news/view_news?id=2108,1650,3414110288
https://www.ics.uci.edu/community/news/view_news.php?id=2107,417,3480204088
https://www.ics.uci.edu/community/news/view_news.php?id=2109,769,140654629
https://www.ics.uci.edu/community/news/view_news?id=1920,1041,1316958544
https://www.ics.uci.edu/community/news/view_news.php?id=1922,1146,711277857
https://www.ics.uci.edu/community/news/view_news.php?id=1923,681,1348941616
https://www.ics.uci.edu/community/news/view_news.php?id=1924,485,3657414457
https://www.ics.uci.edu/community/news/view_news?id=2199,454,1265571832
https://www.ics.uci.edu/community/news/view_news.php?id=2198,386,1567602480
https://www.ics.uci.edu/community/news/view_news?id=2075,931,1535065048
https://industryshowcase.ics.uci.edu/,392,954560404
https://www.ics.uci.edu/community/news/view_news?id=2077,332,3410967860
https://www.ics.uci.edu/community/news/view_news?id=2079,583,1529822992
https://www.ics.uci.edu/privacy/index.php,1784,1072112435
https://www.ics.uci.edu/ugrad/degrees/Double_Majors.php,448,2070819632
https://www.ics.uci.edu/ugrad/policies/Add_Drop_ChangeOption.php,704,1260271410
https://www.ics.uci.edu/ugrad/sao/Course_updates.php,1290,737928496
https://www.ics.uci.edu/ugrad/QA_Petitions.php,534,327127864
https://www.ics.uci.edu/ugrad/policies/Change_of_Major.php,844,992998160
https://www.ics.uci.edu/ugrad/sao/index.php,657,158217488
https://www.ics.uci.edu/ugrad/sao/Appts_Walk-Ins.php,519,243168560
https://www.ics.uci.edu/ugrad/policies/Course_Outside_UCI.php,582,426645296
https://www.ics.uci.edu/ugrad/advising/ICS%20Credit%20by%20Exam.php,633,2205152016
https://www.ics.uci.edu/ugrad/advising/ICS%2045J%20Credit%20by%20Exam.php,675,2603524098
https://www.ics.uci.edu/ugrad/advising/ICS%2045C%20Credit%20by%20Exam.php,685,2469307154
https://www.ics.uci.edu/ugrad/advising/ICS%2031%20Credit%20by%20Exam.php,793,3007242514
https://www.ics.uci.edu/~kay/courses/31/design-recipe.html,430,896916680
https://www.ics.uci.edu/~kay/courses/31/namedtuples.html,574,2671205945
https://www.ics.uci.edu/~kay/python/RP0.py,363,3507771345
https://www.ics.uci.edu/ugrad/courses/index.php,400,493752837
https://www.ics.uci.edu/ugrad/policies/Withdrawal_Readmission.php,582,3262059192
https://www.ics.uci.edu/ugrad/policies/Readmission_DQ.php,484,2205119152
https://www.ics.uci.edu/ugrad/policies/Taking%20courses%20for%20readmission%20after%20DQ.php,468,3010443568
https://www.ics.uci.edu/ugrad/sao/Concurrent_Enrollment.php,575,2305270065
https://www.ics.uci.edu/ugrad/policies/Readmission_AP.php,385,1634694704
https://www.ics.uci.edu/about/facilities/index.php,432,199714201
https://www.ics.uci.edu/ugrad/resources/ICS_StudentLife_nonTechOpps.php,482,998209056
https://www.ics.uci.edu/about/kfflab/index.php,471,2740925337
https://www.ics.uci.edu/ugrad/degrees/Second_BA.php,572,992228144
https://www.ics.uci.edu/ugrad/degrees/Second_BA_INF.php,383,2607187760
https://www.ics.uci.edu/ugrad/degrees/Second_BA_DS.php,510,560965424
https://www.ics.uci.edu/ugrad/QA_Petitions.php,540,309305400
https://www.ics.uci.edu/involved/project_sponsor,604,3228022708
https://www.ics.uci.edu/ugrad/policies/ICS_192_Enrollment_CPT_OPT.php,563,2205495312
https://www.ics.uci.edu/ugrad/policies/CS199_IN4MATX199.php,476,979867189
https://www.ics.uci.edu/ugrad/policies/Laptop_ComputerUse.php,523,2301571888
