https://www.ics.uci.edu,0
https://www.ics.uci.edu,0
https://ics.uci.edu,0
https://ics.uci.edu/admissions-information-and-computer-science,0
https://ics.uci.edu/facts-figures/ics-mission-history,0
https://ics.uci.edu/facts-figures,0
https://ics.uci.edu/admissions-information-and-computer-science,0
https://ics.uci.edu/admissions-information-and-computer-science/admissions-process,0
https://ics.uci.edu/admissions-information-and-computer-science/graduate-admissions,0
https://ics.uci.edu/financial-aid-and-scholarships/undergraduate-financial-awards,0
https://www.ics.uci.edu,0
https://ics.uci.edu,0
https://ics.uci.edu/admissions-information-and-computer-science,0
https://ics.uci.edu/facts-figures/ics-mission-history,0
https://ics.uci.edu/facts-figures,0
https://ics.uci.edu/admissions-information-and-computer-science,0
https://ics.uci.edu/admissions-information-and-computer-science/admissions-process,0
https://ics.uci.edu/admissions-information-and-computer-science/graduate-admissions,0
https://ics.uci.edu/financial-aid-and-scholarships/undergraduate-financial-awards,0
https://ics.uci.edu/academics/graduate-fellowships-funding,0
https://ics.uci.edu/student-experience,0
https://ics.uci.edu/academics/undergraduate-programs,0
https://ics.uci.edu/academics/undergraduate,0
https://ics.uci.edu/honors,0
https://ics.uci.edu/academics/undergraduate-academic-advising,0
https://ics.uci.edu/academics/graduate-programs,0
https://ics.uci.edu/academics/graduate-programs,0
https://ics.uci.edu/academics/graduate-programs,0
https://ics.uci.edu/academics/graduate-academic-advising,0
https://ics.uci.edu/student-experience,0
https://oai.ics.uci.edu,0
https://ics.uci.edu/academics/career-development,0
https://ics.uci.edu/student-experience/clubs-organizations,0
https://ics.uci.edu/student-experience/entrepreneurship-student-experience,0
https://ics.uci.edu/student-experience/undergraduate-research,0
https://ics.uci.edu/academics/campus-resources,0
https://ics.uci.edu/computing-research,0
https://ics.uci.edu/computing-research,0
https://ics.uci.edu/departments,0
https://ics.uci.edu/computing-research/institutes-centers,0
https://www.ics.uci.edu,0
https://ics.uci.edu,0
https://ics.uci.edu/admissions-information-and-computer-science,0
https://ics.uci.edu/facts-figures/ics-mission-history,0
https://ics.uci.edu/facts-figures,0
https://ics.uci.edu/admissions-information-and-computer-science,0
https://ics.uci.edu/admissions-information-and-computer-science/admissions-process,0
https://ics.uci.edu/admissions-information-and-computer-science/graduate-admissions,0
https://ics.uci.edu/financial-aid-and-scholarships/undergraduate-financial-awards,0
https://ics.uci.edu/academics/graduate-fellowships-funding,0
https://ics.uci.edu/student-experience,0
https://ics.uci.edu/academics/undergraduate-programs,0
https://ics.uci.edu/academics/undergraduate,0
https://ics.uci.edu/honors,0
https://ics.uci.edu/academics/undergraduate-academic-advising,0
https://ics.uci.edu/academics/graduate-programs,0
https://ics.uci.edu/academics/graduate-programs,0
https://ics.uci.edu/academics/graduate-programs,0
https://ics.uci.edu/academics/graduate-academic-advising,0
https://ics.uci.edu/student-experience,0
https://oai.ics.uci.edu,0
https://ics.uci.edu/academics/career-development,0
https://ics.uci.edu/student-experience/clubs-organizations,0
https://ics.uci.edu/student-experience/entrepreneurship-student-experience,0
https://ics.uci.edu/student-experience/undergraduate-research,0
https://ics.uci.edu/academics/campus-resources,0
https://ics.uci.edu/computing-research,0
https://ics.uci.edu/computing-research,0
https://ics.uci.edu/departments,0
https://ics.uci.edu/computing-research/institutes-centers,0
https://ics.uci.edu/academics/impact,0
https://ics.uci.edu/academics/impact/faculty-awards-honors,0
https://ics.uci.edu/academics/impact/student-awards-honors,0
https://ics.uci.edu/academics/impact/academic-placements-of-alumni,0
https://ics.uci.edu/academics/impact/technology-transfer,0
https://ics.uci.edu/people,0
https://ics.uci.edu/happening/news,0
https://ics.uci.edu/happening/news,0
https://ics.uci.edu/happening/news/?filter%5Baffiliation_posts%5D=1988,0
https://ics.uci.edu/happening/news/?filter%5Baffiliation_posts%5D=1989,0
https://ics.uci.edu/happening/news/?filter%5Bresearch_areas_ics%5D=1994,0
https://ics.uci.edu/happening/news/?filter%5Baffiliation_posts%5D=1990,0
https://ics.uci.edu/upcoming-events,0
https://ics.uci.edu/events,0
https://ics.uci.edu/seminar-series/distinguished-lectures,0
https://ics.uci.edu/happening/annual-reports-brochures,0
https://ics.uci.edu/alumni,0
https://www.ics.uci.edu/events/list/?tribe__ecp_custom_49%5B0%5D=Alumni,0
https://ics.uci.edu/alumni/hall-of-fame,0
https://ics.uci.edu/alumni/corporate-engagement,0
https://ics.uci.edu/alumni/corporate-engagement/capstone-projects-corporate-engagement,0
https://ics.uci.edu/alumni/corporate-engagement/research-partnerships-corporate-engagement,0
https://ics.uci.edu/alumni/corporate-engagement/student-recruitment-corporate-engagement,0
https://ics.uci.edu/alumni/corporate-engagement/corporate-partners,0
https://ics.uci.edu/alumni/industry-advisory-council,0
https://ics.uci.edu/alumni/ics-advisory-board,0
https://ics.uci.edu/make-a-gift,0
https://ics.uci.edu/contact-us,0
https://ics.uci.edu/follow-us,0
https://ics.uci.edu/make-a-gift,0
https://ics.uci.edu,0
https://ics.uci.edu/2024/02/09/celebrating-black-history-month-2,0
https://ics.uci.edu/academics/undergraduate-programs,0
https://ics.uci.edu/academics/graduate-programs,0
https://ics.uci.edu/academic-recruitment,0
https://ics.uci.edu/2024/02/12/ics-summer-academy-2024-now-accepting-applications,0
https://ics.uci.edu/category/article,0
https://ics.uci.edu/2024/02/09/ics-students-win-first-place-at-uci-antrepreneur-center-ai-innovation-challenge,0
https://ics.uci.edu/category/academics/computer-science,0
https://ics.uci.edu/2024/02/09/celebrating-black-history-month-2,0
https://ics.uci.edu/category/article/highlight,0
https://ics.uci.edu/2024/02/08/best-masters-in-data-science-programs-for-2024-uci-ranks-6,0
https://ics.uci.edu/category/article/awards,0
https://ics.uci.edu/2024/02/01/ai-chatbots-can-be-tricked-into-misbehaving-can-scientists-stop-it-science-news,0
https://ics.uci.edu/category/article/highlight,0
https://ics.uci.edu/2024/01/31/ics-researchers-win-sigsoft-distinguished-paper-award,0
https://ics.uci.edu/category/article/awards,0
https://ics.uci.edu/event/unleashing-the-power-of-data-through-neurosymbolic-program-synthesis,0
https://ics.uci.edu/event/accommodating-measurement-error-in-multivariate-compositional-count-data-with-applications-to-microbiome-research,0
https://ics.uci.edu/event/ics-distinguished-lecturer-series-stuart-russell,0
https://ics.uci.edu/event/designing-efficient-and-scalable-cache-management-systems,0
https://ics.uci.edu/event/designing-and-defining-trans-technologies,0
https://ics.uci.edu/event/global-visibility-into-the-internets-security-and-performance,0
https://ics.uci.edu,0
https://ics.uci.edu/faculty-staff-resources,0
https://ics.uci.edu/faculty-staff-positions,0
https://ics.uci.edu,0
https://cs.ics.uci.edu,0
https://cs.ics.uci.edu/explore,0
https://ics.uci.edu/people/?filter%5Bunits%5D=69,0
https://cs.ics.uci.edu/contact,0
https://cs.ics.uci.edu/research-areas,0
https://cs.ics.uci.edu/research-centers,0
https://ics.uci.edu/academics/impact,0
https://ics.uci.edu/academics/impact/faculty-awards-honors,0
https://cs.ics.uci.edu/undergraduate-programs,0
https://cs.ics.uci.edu/undergraduate-programs,0
https://ics.uci.edu/honors,0
https://ics.uci.edu/admissions-information-and-computer-science/admissions-process,0
https://ics.uci.edu/financial-aid-and-scholarships/undergraduate-financial-awards,0
https://ics.uci.edu/academics/undergraduate-academic-advising,0
https://cs.ics.uci.edu/graduate-computer-science-programs,0
https://cs.ics.uci.edu/graduate-computer-science-programs,0
https://cs.ics.uci.edu/graduate-computer-science-programs,0
https://ics.uci.edu/admissions-information-and-computer-science/graduate-admissions,0
https://ics.uci.edu/academics/graduate-fellowships-funding,0
https://ics.uci.edu/academics/graduate-academic-advising,0
https://ics.uci.edu/student-experience,0
https://oai.ics.uci.edu,0
https://ics.uci.edu/academics/career-development,0
https://ics.uci.edu/student-experience/clubs-organizations,0
https://ics.uci.edu/student-experience/entrepreneurship-student-experience,0
https://ics.uci.edu/student-experience/undergraduate-research,0
https://ics.uci.edu/academics/campus-resources,0
https://ics.uci.edu/happening/news/?filter%5Bunits%5D=69,0
https://ics.uci.edu/happening/news/?filter%5Baffiliation_posts%5D=1988&filter%5Bunits%5D=69,0
https://ics.uci.edu/happening/news/?filter%5Bunits%5D=69&filter%5Baffiliation_posts%5D=1989,0
https://ics.uci.edu/happening/news/?filter%5Bunits%5D=69&filter%5Bresearch_areas_ics%5D=1994,0
https://ics.uci.edu/happening/news/?filter%5Bunits%5D=69&filter%5Baffiliation_posts%5D=1990,0
https://cs.ics.uci.edu/seminar-series,0
https://ics.uci.edu/events/list/?tribe__ecp_custom_81%5B0%5D=Computer+Science,0
https://cs.ics.uci.edu/special-events/distinguished-lecture-series,0
https://ics.uci.edu/events/list/?tribe__ecp_custom_46%5B0%5D=Computer+Science,0
https://ics.uci.edu/alumni/corporate-engagement,0
https://ics.uci.edu/alumni/corporate-engagement/capstone-projects-corporate-engagement,0
https://ics.uci.edu/alumni/corporate-engagement/research-partnerships-corporate-engagement,0
https://ics.uci.edu/alumni/corporate-engagement/student-recruitment-corporate-engagement,0
https://ics.uci.edu/alumni/corporate-engagement/corporate-partners,0
https://ics.uci.edu/contact-us,0
https://ics.uci.edu/follow-us,0
https://ics.uci.edu/make-a-gift,0
https://cs.ics.uci.edu,0
https://ics.uci.edu/2023/09/14/new-findings-on-captchas-attract-worldwide-attention,0
https://cs.ics.uci.edu/undergraduate-programs,0
https://cs.ics.uci.edu/graduate-computer-science-programs,0
https://ics.uci.edu/academic-recruitment,0
https://ics.uci.edu/2024/02/12/ics-summer-academy-2024-now-accepting-applications,0
https://ics.uci.edu/category/article,0
https://ics.uci.edu/2024/02/09/ics-students-win-first-place-at-uci-antrepreneur-center-ai-innovation-challenge,0
https://ics.uci.edu/category/academics/computer-science,0
https://ics.uci.edu/2024/02/09/celebrating-black-history-month-2,0
https://ics.uci.edu/category/article/highlight,0
https://ics.uci.edu/2024/02/08/best-masters-in-data-science-programs-for-2024-uci-ranks-6,0
https://ics.uci.edu/category/article/awards,0
https://ics.uci.edu/2024/02/01/ai-chatbots-can-be-tricked-into-misbehaving-can-scientists-stop-it-science-news,0
https://ics.uci.edu/category/article/highlight,0
https://ics.uci.edu/2024/01/31/ics-researchers-win-sigsoft-distinguished-paper-award,0
https://ics.uci.edu/category/article/awards,0
https://ics.uci.edu/happening/news,0
https://ics.uci.edu/event/unleashing-the-power-of-data-through-neurosymbolic-program-synthesis,0
https://ics.uci.edu/event/designing-efficient-and-scalable-cache-management-systems,0
https://ics.uci.edu/events/list/?tribe__ecp_custom_46%5B0%5D=Computer+Science,0
https://ics.uci.edu,0
https://ics.uci.edu/people,0
https://ics.uci.edu/faculty-staff-resources,0
https://ics.uci.edu/faculty-staff-positions,0
https://ics.uci.edu/accessibility-statement,0
https://www.ics.uci.edu,0
https://ics.uci.edu,0
https://ics.uci.edu/admissions-information-and-computer-science,0
https://ics.uci.edu/facts-figures/ics-mission-history,0
https://ics.uci.edu/facts-figures,0
https://ics.uci.edu/admissions-information-and-computer-science,0
https://ics.uci.edu/admissions-information-and-computer-science/admissions-process,0
https://ics.uci.edu/admissions-information-and-computer-science/graduate-admissions,0
https://ics.uci.edu/financial-aid-and-scholarships/undergraduate-financial-awards,0
https://ics.uci.edu/academics/graduate-fellowships-funding,0
https://ics.uci.edu/student-experience,0
https://ics.uci.edu/academics/undergraduate-programs,0
https://ics.uci.edu/academics/undergraduate,0
https://ics.uci.edu/honors,0
https://ics.uci.edu/academics/undergraduate-academic-advising,0
https://ics.uci.edu/academics/graduate-programs,0
https://ics.uci.edu/academics/graduate-programs,0
https://ics.uci.edu/academics/graduate-programs,0
https://ics.uci.edu/academics/graduate-academic-advising,0
https://ics.uci.edu/student-experience,0
https://oai.ics.uci.edu,0
https://ics.uci.edu/academics/career-development,0
https://ics.uci.edu/student-experience/clubs-organizations,0
https://ics.uci.edu/student-experience/entrepreneurship-student-experience,0
https://ics.uci.edu/student-experience/undergraduate-research,0
https://ics.uci.edu/academics/campus-resources,0
https://ics.uci.edu/computing-research,0
https://ics.uci.edu/computing-research,0
https://ics.uci.edu/departments,0
https://ics.uci.edu/computing-research/institutes-centers,0
https://ics.uci.edu/academics/impact,0
https://ics.uci.edu/academics/impact/faculty-awards-honors,0
https://ics.uci.edu/academics/impact/student-awards-honors,0
https://ics.uci.edu/academics/impact/academic-placements-of-alumni,0
https://ics.uci.edu/academics/impact/technology-transfer,0
https://ics.uci.edu/people,0
https://ics.uci.edu/happening/news,0
https://ics.uci.edu/happening/news,0
https://ics.uci.edu/happening/news/?filter%5Baffiliation_posts%5D=1988,0
https://ics.uci.edu/happening/news/?filter%5Baffiliation_posts%5D=1989,0
https://ics.uci.edu/happening/news/?filter%5Bresearch_areas_ics%5D=1994,0
https://ics.uci.edu/happening/news/?filter%5Baffiliation_posts%5D=1990,0
https://ics.uci.edu/upcoming-events,0
https://ics.uci.edu/events,0
https://ics.uci.edu/seminar-series/distinguished-lectures,0
